run,stop_reason,t_last,t_hit,w1_0,b1_0,w2_0,b2_0,w1_T,b1_T,w2_T,b2_T,loss_last,expr_last,metric_min,adam_min_norm_vhat,final_bias_abs,convergence_delta,convergence_std
0,hit condition,10000000,-1,0.4309350268754409,0.0,-1.4707596276977706,0.0,15.985514620940421,15.554579594064986,-16.505531150454228,15.034771522756044,2.0056994709581647e-14,0.00020845820486492528,NOT IMPORTANT,2.0118188002643376e-28,0.5198080713089421,1.0463104693769765e-07,3.308724118077396e-08
1,loss-abort,10000,-1,1.061298259008599,0.0,1.3301593782100585,0.0,6.974915456514821,5.913617197506222,0.3994053412578227,-0.9307540369522357,0.5000012634306048,14.218692032231102,,1.240543550566949e-07,6.844371234458458,,
2,loss-abort,10000,-1,-2.7591804244614058,0.0,-1.841559919248999,0.0,-1.3624152532140341,-1.3967651712473723,-7.045697874942852,5.204137955693828,0.5000023929515132,15.009016255098086,,4.527362503607559e-07,6.6009031269412,,
3,hit condition,10000000,-1,0.18079363197841936,0.0,-0.4472345630923199,0.0,15.860418846763174,15.679625214784743,-15.99366602303639,15.546431459944095,2.0059555484741827e-14,5.342143256825693e-05,NOT IMPORTANT,2.0123325409191149e-28,0.13319375484064722,2.681712985008744e-08,8.480321141689137e-09
4,loss-abort,10000,-1,-0.02376042480613172,0.0,-1.2063862916745691,0.0,0.27651491795445843,-0.3002753427605902,-7.627103712821332,6.420717421146748,0.5000003963499458,14.071581558774213,,8.912735002634147e-09,6.720992763907338,,
5,loss-abort,10000,-1,1.2436565427744464,0.0,1.0999639037880373,0.0,7.2687780597192795,6.025121516944814,0.22428412766232234,-0.8756797761257146,0.5000008423697743,14.39386348045213,,5.4475066005494634e-08,6.900801293070528,,
6,loss-abort,10000,-1,0.0933815080240278,0.0,1.5941598029600093,0.0,5.877301775139873,5.783920267115849,0.6030999914807635,-0.9910598114792455,0.5000043108768769,13.255381845215734,,1.4555447027372607e-06,6.774980078595094,,
7,hit condition,10000000,-1,0.661158052348968,0.0,-1.215223055054455,0.0,16.100649212471122,15.439491160117807,-16.377737251887467,15.162514196832976,2.0057045445088308e-14,0.00011107613151395412,NOT IMPORTANT,2.0118289323941668e-28,0.2769769632848309,5.57524355571104e-08,1.7630471749472676e-08
8,hit condition,10000000,-1,0.5214923599851827,0.0,-1.3560647788159572,0.0,16.030802365575095,15.509310005591116,-16.448172230394377,15.092107451579079,2.0057043159422217e-14,0.00016731080724596836,NOT IMPORTANT,2.0118284974468243e-28,0.41720255401203765,8.39782146044854e-08,2.6556243678960697e-08
9,hit condition,10000000,-1,1.2423163299794766,0.0,-0.07060590043059076,0.0,16.391286604950718,15.148970274972228,-15.805313934246291,15.734708033815707,2.0058178540064183e-14,0.00023491186094837246,NOT IMPORTANT,2.0120563372686532e-28,0.5857377588434787,1.1791583887088564e-07,3.728825784187011e-08
10,loss-abort,10000,-1,-0.26143486169805313,0.0,-0.9629797967165866,0.0,0.24553948736567469,-0.5069743490637282,-7.33828971924149,6.375309922524909,0.5000005536424131,13.975034503464453,,1.906553735625052e-08,6.882284271588636,,
11,hit condition,10000000,-1,1.728934541714573,0.0,-0.21853768932819,0.0,16.63464448280204,14.905709941087874,-15.87929465936983,15.660756970041632,2.0056902918671774e-14,0.0003027944784541603,NOT IMPORTANT,2.0118004570576562e-28,0.7550470289537579,1.5198038916253154e-07,4.806041919789336e-08
12,loss-abort,10000,-1,-0.6057470152447975,0.0,-0.4979920428670453,0.0,0.11706803781788697,-0.722815053062684,-6.74883655925781,6.250844516390774,0.500001130525198,13.605428090893382,,9.156888464561001e-08,6.973659569453458,,
13,loss-abort,10000,-1,0.7527988695853222,0.0,0.5168159521124259,0.0,7.039952513340371,6.287153643755049,-0.16507992664024052,-0.6818958787526664,0.5000008148568872,13.843922109207845,,4.636835555548465e-08,6.969049522507715,,
14,loss-abort,10000,-1,0.5836920569527138,0.0,0.6092729054089278,0.0,6.833049484997597,6.249357428044875,-0.11354214573190921,-0.7228150511408366,0.5000010407654628,13.6916798184514,,7.763891625317681e-08,6.972172479185711,,
15,hit condition,10000000,-1,3.0287470829748075,0.0,-0.5747576281232071,0.0,17.284681005259692,14.25593392227799,-16.057440339238585,15.482682711114718,2.0053574881892882e-14,0.0004918771843787084,NOT IMPORTANT,2.0111330371209628e-28,1.226748788836728,2.468449409320783e-07,7.805922054580917e-08
16,loss-abort,10000,-1,-0.7244206146799751,0.0,-1.1508484289775038,0.0,0.03346440924062752,-0.7578850239206022,-7.350428809652837,6.199580380675347,0.5000006520423189,14.274429805008158,,3.116862588428456e-08,6.95746540459595,,
17,loss-abort,10000,-1,0.8711264535490139,0.0,1.5966079279093328,0.0,6.653834586955302,5.782708133406291,0.6055481236682054,-0.9910598042411276,0.5000019854005001,14.033150648270926,,3.0874342098777035e-07,6.773767937647419,,
18,loss-abort,10000,-1,-0.16114604001345828,0.0,-1.188160684236006,0.0,0.2585939069118563,-0.41973994692531463,-7.5881920169492725,6.400031332713252,0.5000004206896156,14.149369389675982,,1.0473509422277368e-08,6.819771279638567,,
19,loss-abort,10000,-1,-1.1659925171524081,0.0,0.9200771441238138,0.0,-0.15273802320823193,-1.0132544939441759,0.014401212513761356,-0.9056759316100528,1.0,0.24591537302859356,,9.862931995839525e-07,0.1075785623341231,,
20,loss-abort,10000,-1,1.0511201292062824,0.0,0.7681361326980417,0.0,7.2311845465934255,6.180064417387147,-0.02002235826453619,-0.7881584909625775,0.5000007490979074,14.179385096678615,,4.160666304900456e-08,6.968222908349724,,
21,loss-abort,10000,-1,-0.9411728539386202,0.0,0.3283256917394368,0.0,-0.03549692210371201,-0.905675931834908,-0.26233963807912775,-0.5906653298185653,1.0,0.6128471621991824,,5.158725355061765e-07,0.3150106020163427,,
22,loss-abort,10000,-1,0.16501865382329634,0.0,0.3092723794305106,0.0,6.526416657432341,6.361398003609041,-0.2671681333510463,-0.5764405127815566,0.5000012643380649,13.197087040471892,,1.0334494900754508e-07,6.937838516390598,,
23,loss-abort,10000,-1,1.2323863964165425,0.0,0.3162118575634106,0.0,7.59153106717426,6.359144670757712,-0.2602286200131654,-0.5764404775765755,0.5000004367858016,14.266887595495382,,1.2348342104464998e-08,6.935585148334288,,
24,loss-abort,10000,-1,0.9601287685753155,0.0,0.09557123660374413,0.0,7.372763865900253,6.412635097324936,-0.20470412042406755,-0.30027535702781155,0.5000005152847669,13.880970199828933,,1.5117909096830157e-08,6.712910454352748,,
25,loss-abort,10000,-1,0.40887657477252964,0.0,0.8927763707473132,0.0,6.531949974362532,6.123073399589983,0.07830996583450262,-0.8144664049128102,0.5000015957438696,13.547799744699828,,1.916278745805895e-07,6.937539804502793,,
26,loss-abort,10000,-1,-2.06072952293077,0.0,-0.45208336967279955,0.0,-0.9699408545565924,-1.0907886683741765,-6.004601216800661,5.552517847127879,0.5000047838435506,13.617848586859308,,1.803197904346797e-06,6.643306515502055,,
27,loss-abort,10000,-1,-0.6652073870703027,0.0,-0.9035097176854743,0.0,0.09267764361134827,-0.7578850306816508,-7.129068066624513,6.22555834893904,0.5000007927375757,14.019833802633855,,4.579473752044949e-08,6.983443379620691,,
28,loss-abort,10000,-1,-0.3891099032666415,0.0,2.114166277299501,0.0,0.2015554274175172,-0.5906653306841583,0.791162110016569,-1.3230041672829334,1.0,1.7250563740328613,,6.3565294785242385e-06,0.7323388365987751,,
29,loss-abort,10000,-1,-1.224470106538013,0.0,1.369352381215577,0.0,-0.1800299448672657,-1.0444401616707466,0.2682240922620319,-1.1011282889535443,1.0,0.14488227467756387,,1.6659963721182386e-06,0.05668812728279771,,
30,loss-abort,10000,-1,-2.379937254726784,0.0,-0.47359895124160345,0.0,-1.1641717527045483,-1.215765502022236,-5.867048326559004,5.393449375317384,0.5000064357325665,13.640434956603173,,3.2704350620693165e-06,6.609214877339619,,
31,loss-abort,10000,-1,0.23016759198929024,0.0,0.8290435715742658,0.0,6.382632143499053,6.152464551509764,0.014577164868539844,-0.8144664067057258,0.5000017990642748,13.364140266583084,,2.4250009372031314e-07,6.96693095821549,,
32,loss-abort,10000,-1,1.0058262750632858,0.0,1.1219624196909321,0.0,7.020385086890334,6.014558811827058,0.2302823576146754,-0.8916800620762567,0.5000010913543836,14.156906318408323,,9.168246473388106e-08,6.906238873903315,,
33,loss-abort,10000,-1,-0.49317172671327786,0.0,-0.6538641757737442,0.0,0.18872415424893146,-0.6818958809622098,-6.950397608659602,6.296533432885865,0.5000008828785202,13.740102768258746,,5.424383258263973e-08,6.978429313848075,,
34,hit condition,10000000,-1,1.2133611274628753,0.0,-0.27054517078820856,0.0,16.37680610146561,15.163444974006548,-15.90530361392537,15.634758443137153,2.0057834651421712e-14,0.00018901840963714278,NOT IMPORTANT,2.0119873099314947e-28,0.4713134691306049,9.487757424153642e-08,3.00029147215162e-08
35,loss-abort,10000,-1,-1.8040928997983585,0.0,-1.6027101481077426,0.0,-0.7733252868268562,-1.030767612971503,-7.282732491576967,5.680022343469249,0.5000011730515811,14.766847734844575,,1.0813309117179484e-07,6.710789956440752,,
36,loss-abort,10000,-1,-1.3003018928184247,0.0,0.7030914669203322,0.0,-0.2266323658828463,-1.073669526935577,-0.11613764828292714,-0.8192291152032594,1.0,0.597210425898091,,1.194136938452395e-06,0.2544404117323176,,
37,loss-abort,10000,-1,0.2014204075819643,0.0,0.9764937523426265,0.0,6.28529863794511,6.083878230363145,0.11876018249949843,-0.8577335698431279,0.5000021237566157,13.345670620650882,,3.4353506746491814e-07,6.941611800206273,,
38,loss-abort,10000,-1,-0.6042264870089222,0.0,0.22420898129513003,0.0,0.16606554374086252,-0.7702920307497854,-0.28984923127805884,-0.5140582125731898,1.0,0.3800175057137919,,2.3238719571987887e-07,0.2562338181765955,,
39,hit condition,10000000,-1,0.8847184196389354,0.0,-0.4374820719455485,0.0,16.21245180598212,15.327733386343631,-15.988788799802865,15.551306727857344,2.005815964740537e-14,8.966466554127805e-05,NOT IMPORTANT,2.0120524754454882e-28,0.22357334151371333,4.5007878313185756e-08,1.4232743464687292e-08
40,hit condition,10000000,-1,0.6459777359098836,0.0,-0.9361046431430323,0.0,16.093057532525222,15.447079796616872,-16.238150068586965,15.302045425443817,2.00576370955162e-14,5.816488868681802e-05,NOT IMPORTANT,2.0119476239419387e-28,0.14503437117305573,2.919547981150572e-08,9.232414471003956e-09
41,loss-abort,10000,-1,-0.5134356736840453,0.0,-0.5398589069641799,0.0,0.1684602108283997,-0.6818958845124449,-6.828360985913343,6.288502078949161,0.500001005515467,13.63029873854655,,7.057114324835957e-08,6.970397963461606,,
42,loss-abort,10000,-1,-1.6911726452154554,0.0,0.6886830868294412,0.0,-0.4948828357173315,-1.1962898094981247,-0.13054602819315286,-0.819229115022593,1.0,1.002489558386016,,2.6650534571219763e-06,0.3770606944755317,,
43,loss-abort,10000,-1,-0.6638351557243617,0.0,0.017669352154595242,0.0,0.10645687578691569,-0.7702920315112775,-0.28260602720499906,-0.3002753793595943,1.0,0.6461658035697666,,2.5274570613389613e-07,0.47001665215168315,,
44,loss-abort,10000,-1,0.6798784450902887,0.0,0.6314904451639548,0.0,6.91983991107621,6.239961465985913,-0.0913246041065639,-0.7228150492705181,0.500000963254138,13.791291822226079,,6.668423267839328e-08,6.962776515256431,,
45,hit condition,10000000,-1,0.9409966453104142,0.0,-0.13927950789011226,0.0,16.240596560032806,15.299599914723244,-15.839657622798365,15.700378114908233,2.0058646183750414e-14,0.00016073704945362977,NOT IMPORTANT,2.0121501231055053e-28,0.40077820018498933,8.068507639791278e-08,2.551485653962336e-08
46,loss-abort,10000,-1,-0.5986342138224807,0.0,-0.11273857503194833,0.0,0.12418084630571172,-0.7228150601281919,-6.366580500741363,6.25384192570941,0.5000016519244654,13.219056640273253,,1.9534071204929977e-07,6.976656985837602,,
47,loss-abort,10000,-1,-2.3862512407625753,0.0,-2.0465260847799915,0.0,-1.1655948805849623,-1.2206563601776133,-7.436818131507829,5.390292046727809,0.5000013434664802,15.213361418998215,,1.425173432714418e-07,6.610948406905422,,
48,loss-abort,10000,-1,-1.8705797307372314,0.0,-1.4103199886275595,0.0,-0.8259284325308671,-1.0446512982063623,-7.057353801847338,5.647033813219793,0.5000015188838598,14.57496734580436,,1.8143769080950394e-07,6.691685111426155,,
49,hit condition,10000000,-1,0.5653661333195007,0.0,-1.2805407605349766,0.0,16.05274365038784,15.487377517069648,-16.41040265150099,15.129861890963552,2.0057106753973698e-14,0.00014337500705785544,NOT IMPORTANT,2.011841245269145e-28,0.3575156261060961,7.196433315925788e-08,2.2757116248236042e-08
50,loss-abort,10000,-1,-0.5348026127041534,0.0,1.837386279347964,0.0,0.1818521323135755,-0.7166547450177286,0.6006149091527333,-1.23677137019523,1.0,1.3025836666438102,,3.593645871897667e-06,0.5201166251775015,,
51,loss-abort,10000,-1,-0.5038333396599645,0.0,1.0430045193874569,0.0,0.2128214049353033,-0.7166547445952683,0.06310343735698914,-0.9799010820304672,1.0,0.5391711797274914,,6.78797163393183e-07,0.2632463374351989,,
52,loss-abort,10000,-1,-1.3203347851412726,0.0,-0.29053258055720993,0.0,-0.3895807368314236,-0.9307540483098473,-6.208949689470532,5.918417108913319,0.5000027047150885,13.447701583525122,,5.68411525987533e-07,6.849171157223166,,
53,loss-abort,10000,-1,-1.3435340746081013,0.0,-0.4794651740316424,0.0,-0.40203854748640155,-0.9414955271216995,-6.38655065048016,5.90708547644852,0.5000022904017766,13.637170201536781,,4.081273225416791e-07,6.84858100357022,,
54,hit condition,10000000,-1,1.1883751645647238,0.0,-2.4427999690426536,0.0,16.364310615625435,15.175935451055942,-16.991648735899826,14.548848766858692,2.005351836869556e-14,0.0002514360771410651,NOT IMPORTANT,2.0111214311607854e-28,0.6270866841972502,1.2618092348759546e-07,3.990191581658856e-08
55,loss-abort,10000,-1,0.6143678085180866,0.0,0.3362089130772442,0.0,6.967033649856191,6.3526658413381,-0.24023158990085844,-0.5764405029781022,0.5000008209146662,13.655908404271534,,4.377752164133003e-08,6.929106344316202,,
56,loss-abort,10000,-1,-0.8402549254297803,0.0,-2.045034629652291,0.0,-0.025788593353166828,-0.8144663320766132,-8.192309634412393,6.147275004760124,0.5000002960516752,15.179839564602297,,6.5711184792242955e-09,6.961741336836738,,
57,hit condition,10000000,-1,0.10200652805624905,0.0,-0.7488157703357009,0.0,15.821017396118098,15.719010868061872,-16.144486858460883,15.395671088125981,2.0059107532312606e-14,0.00012968240689481547,NOT IMPORTANT,2.0122426786878558e-28,0.3233397799358908,6.509810290822315e-08,2.0585820750147564e-08
58,loss-abort,10000,-1,0.3290538537394111,0.0,0.030903600566203438,0.0,6.749027833090514,6.419973979351102,-0.2693717729374343,-0.30027537350363775,0.5000009544324245,13.19990541300782,,5.1703083071195865e-08,6.72024935285474,,
59,hit condition,10000000,-1,2.2652574320289784,0.0,-0.3384999746026731,0.0,16.902859676080354,14.637602244063128,-15.939287828316305,15.60078785371364,2.005558387471675e-14,0.00038623811353666326,NOT IMPORTANT,2.0115359135167483e-28,0.9631856096505125,1.9385024785378846e-07,6.130083685138443e-08
60,loss-abort,10000,-1,-1.4474440351206983,0.0,0.25353403435827043,0.0,-0.32046317996417817,-1.1269808551565184,-0.26052417865364075,-0.514058213011912,1.0,1.1939100007624253,,1.5917615073353835e-06,0.6129226421446063,,
61,loss-abort,10000,-1,0.311122294149978,0.0,1.922181502714027,0.0,5.932533901619696,5.621411607469714,0.8689532785496317,-1.0532282241643942,0.500004799049456,13.476127011803436,,1.8122596399369445e-06,6.674639831634108,,
62,loss-abort,10000,-1,1.18102565006269,0.0,0.5046918918676871,0.0,7.472989319808582,6.291963669745903,-0.177203970029853,-0.6818958618975407,0.5000005259287077,14.269644881422174,,1.9280831337348925e-08,6.973859531643444,,
63,hit condition,10000000,-1,2.0694227946224664,0.0,-1.6811648338714402,0.0,16.80492273230379,14.735499937681734,-16.610754841307823,14.929590007435996,2.0053278093084782e-14,7.782124170496729e-05,NOT IMPORTANT,2.0110731469902465e-28,0.19409006975426202,3.905348577859513e-08,1.2349804045625795e-08
64,loss-abort,10000,-1,-0.9047452941636686,0.0,-1.3103762629043116,0.0,-0.06726824697813646,-0.8374770471855332,-7.427871881184788,6.1174956182804925,0.5000006550759328,14.45011279362895,,3.2448863170395515e-08,6.954972665466026,,
65,loss-abort,10000,-1,-0.5512743103688736,0.0,-1.9469282210053,0.0,0.13062150169825576,-0.6818958120671307,-8.220244663724193,6.273316442718866,0.5000002538027905,15.044835416811935,,4.520069717967082e-09,6.955212254785997,,
66,hit condition,10000000,-1,0.898239083139043,0.0,-0.31427035210421356,0.0,16.21921349302429,15.320974409883132,-15.927170588054368,15.612900235950175,2.005838023312343e-14,0.00011707890288015221,NOT IMPORTANT,2.0120967429975395e-28,0.2919258260670432,5.876915309954711e-08,1.8584425297640548e-08
67,loss-abort,10000,-1,-2.0800342093093755,0.0,-1.4362457103061124,0.0,-0.9824684927999017,-1.097565716509476,-6.979151385862389,5.542905675556279,0.50000182267703,14.602091270728046,,2.618040784368085e-07,6.640471392065755,,
68,loss-abort,10000,-1,0.44337553505583577,0.0,1.1852899593014485,0.0,6.42741140158492,5.984035866529067,0.27925555431825866,-0.9060344049831897,0.5000020358554708,13.596737227415435,,3.2020110278189404e-07,6.890070271512256,,
69,loss-abort,10000,-1,2.8238039074398484,0.0,4.1208238183174775,0.0,7.348952641967916,4.525148734528103,2.057016657942785,-2.063807160374692,0.500003484282013,15.994925194813495,,9.669084999197196e-07,6.588955894902795,,
70,hit condition,10000000,-1,0.5860634409142623,0.0,-1.399418229834238,0.0,16.06309437898347,15.477030938069467,-16.4698533011603,15.070435071323004,2.0056826176001326e-14,0.00016305543036310155,NOT IMPORTANT,2.0117849620027251e-28,0.4065958667464624,8.18413656844541e-08,2.5880505440328344e-08
71,loss-abort,10000,-1,-3.0151687658173327,0.0,0.37860118084938676,0.0,-1.3997217799703703,-1.6154469858469631,-0.21206414968885948,-0.5906653305382473,1.0,2.636567584967945,,3.966501632935385e-05,1.0247816553087157,,
72,loss-abort,10000,-1,-1.149672322398302,0.0,-0.5874038705762413,0.0,-0.25799225144078936,-0.8916800709575122,-6.588631127162629,6.001227256586405,0.5000017031934582,13.739530706147335,,2.2352003465074907e-07,6.8929073275439166,,
73,loss-abort,10000,-1,-0.8656355947155397,0.0,-0.19910838102858203,0.0,-0.05116918704728399,-0.814466407668255,-6.334726519957149,6.135618138928561,0.5000019194116725,13.33598025360125,,2.7674128937990676e-07,6.950084546596816,,
74,loss-abort,10000,-1,1.5075236996014876,0.0,0.22210021403247213,0.0,7.8935172825290705,6.385993582927589,-0.2848741031544758,-0.5069743171869473,0.5000003143816806,14.50161107948913,,6.106270631120828e-09,6.892967900114536,,
75,loss-abort,10000,-1,-0.2243435380049588,0.0,-1.464635583168856,0.0,0.2826307823625505,-0.5069743203675086,-7.850030059839759,6.38539447667091,0.5000003285516712,14.459768074515626,,6.671688134805841e-09,6.892368797038419,,
76,loss-abort,10000,-1,-2.368359333075814,0.0,-0.6877432405008065,0.0,-1.1575374950967563,-1.2108218379790572,-6.0869676885935915,5.399224448092762,0.5000051354693468,13.854551469762168,,2.0823089199973464e-06,6.610046286071819,,
77,loss-abort,10000,-1,-0.07606001278628904,0.0,2.5002304611097643,0.0,0.22421536746764348,-0.30027538025393175,1.0574076714123504,-1.4428227896974144,1.0,2.4241704483234763,,1.3980257167478004e-05,1.1425474094434827,,
78,loss-abort,10000,-1,0.18423599509862018,0.0,1.3898035447687118,0.0,6.068682486237634,5.884446491139019,0.4384459355582071,-0.9513576092105046,0.5000032195268251,13.342932522145365,,8.076913240759565e-07,6.835804100349524,,
79,loss-abort,10000,-1,-0.706110607087261,0.0,-1.675763545116413,0.0,0.051774388385875954,-0.7578849954731365,-7.8833938846168685,6.207630339500449,0.5000003795910285,14.797134831204579,,1.0543463901666507e-08,6.965515334973586,,
80,loss-abort,10000,-1,-1.36488121442263,0.0,-1.0256245362529277,0.0,-0.42338569541656185,-0.9414955190060679,-6.9222662924449185,5.896641756191999,0.500001354531081,14.183789263059547,,1.428039310377539e-07,6.838137275198067,,
81,hit condition,10000000,-1,3.0101107627104424,0.0,-1.1616161817117259,0.0,17.275360977854362,14.265250215149328,-16.35092844207021,15.189312260357699,2.0052432425070805e-14,0.0003704905757828669,NOT IMPORTANT,2.0109037133141351e-28,0.9240620452083714,1.859173206497644e-07,5.879221301007571e-08
82,hit condition,10000000,-1,1.1858028038273563,0.0,-1.2769318610859397,0.0,16.363024177418925,15.177221373591186,-16.40859784005335,15.131665978967273,2.005586660961296e-14,1.826801051407756e-05,NOT IMPORTANT,2.0115924104992035e-28,0.04555539462391245,9.168724446340093e-09,2.899407303604714e-09
83,loss-abort,10000,-1,1.317443189147522,0.0,0.5444028771155374,0.0,7.593547849494082,6.27610466034657,-0.13749297997720014,-0.6818958570927377,0.5000004736488132,14.41405538695619,,1.5728278333754493e-08,6.9580005174393085,,
84,loss-abort,10000,-1,-0.22151943924968034,0.0,-0.05764691729731855,0.0,0.28545493309412695,-0.5069743723438069,-6.443826875934507,6.386179958637183,0.5000013395805504,13.05152627382137,,1.1086915161728507e-07,6.89315433098099,,
85,loss-abort,10000,-1,-0.9260096393512675,0.0,0.6308413571335821,0.0,-0.020333707677501263,-0.9056759316737661,-0.13945067396181854,-0.7702920310954002,1.0,0.29516828221768576,,5.458183168432187e-07,0.1353839005783659,,
86,loss-abort,10000,-1,-0.6434438085536436,0.0,-1.733268293242278,0.0,0.07937119262634848,-0.722815001179992,-7.9681293185168816,6.234861025274559,0.5000003393826774,14.846434152345083,,8.288900237811023e-09,6.957676026454551,,
87,loss-abort,10000,-1,-1.807276649468981,0.0,0.24407617394435324,0.0,-0.570505279434828,-1.2367713700341523,-0.26998203892746536,-0.5140582128718196,1.0,1.563200475524626,,3.3799826208880208e-06,0.7227131571623326,,
88,loss-abort,10000,-1,2.2331722710404076,0.0,0.22626230978151174,0.0,8.618007162917735,6.384834891877286,-0.28071193118633747,-0.5069742409678498,0.5000001525170819,15.229104364576534,,1.4378973431335046e-09,6.891809132845136,,
89,loss-abort,10000,-1,-0.167779929801838,0.0,0.40421920310666176,0.0,0.25429609093841943,-0.42207602074025735,-0.25308215842092147,-0.6573013615275822,1.0,0.23643927330482284,,1.3194513145152556e-07,0.23522534078732488,,
90,loss-abort,10000,-1,1.8469653756046756,0.0,0.3102537087760997,0.0,8.208003973945239,6.361038598340569,-0.26618672248864095,-0.5764404312647406,0.5000002353505452,14.879296281061908,,3.580910146942043e-09,6.93747902960531,,
91,loss-abort,10000,-1,-0.5811388629934906,0.0,1.5645284976669316,0.0,0.13551588263238917,-0.7166547456258795,0.4131548771685672,-1.151373620498365,1.0,0.9833896346734416,,2.037604405288349e-06,0.4347188748724854,,
92,loss-abort,10000,-1,0.6063531702271991,0.0,2.1718869523764783,0.0,6.103523889275756,5.4971707190485555,1.0426891662604705,-1.1291977861160079,0.5000045798615531,13.772581560700788,,1.6541606263047672e-06,6.626368505164564,,
93,hit condition,10000000,-1,0.25913262621302113,0.0,-1.7316607113649831,0.0,15.899596197516718,15.640463571303707,-16.636007840850944,14.904347129480966,2.0056815801842518e-14,0.0002952015114825457,NOT IMPORTANT,2.011782972044856e-28,0.736116441822741,1.4816861693134342e-07,4.685502582374689e-08
94,loss-abort,10000,-1,-1.9348692950587332,0.0,2.3347646722620032,0.0,-0.6613264363248152,-1.2735428587339177,0.9409312041595742,-1.3938334681024314,1.0,0.3998953772032726,,1.0910778986809708e-05,0.12029060936851366,,
95,hit condition,10000000,-1,2.4376314393293352,0.0,-0.2538785061308021,0.0,16.98906395311939,14.55143251379433,-15.896968610743876,15.643090104613087,2.005540769234432e-14,0.00043775155675973565,NOT IMPORTANT,2.0115006326835909e-28,1.0916575908187571,2.1970244645785897e-07,6.947600977134052e-08
96,loss-abort,10000,-1,-0.5419087064799284,0.0,2.0667943387416714,0.0,0.17474603863290505,-0.7166547451128326,0.7596001107866778,-1.307194227954993,1.0,1.5248856322617432,,5.7677951486014e-06,0.5905394828421605,,
97,loss-abort,10000,-1,-1.565599017712474,0.0,-1.265335084828979,0.0,-0.5814632292924231,-0.9841357884200503,-7.063340455655189,5.798005370826213,0.5000012982504507,14.426944844193876,,1.3192281387189672e-07,6.7821411592462635,,
98,hit condition,10000000,-1,0.9098014780872583,0.0,-0.5580559165299331,0.0,16.224995849487772,15.315194371401306,-16.049087809181596,15.491031892651723,2.0057866765279522e-14,7.051905576105355e-05,NOT IMPORTANT,2.0119937067985112e-28,0.17583752125041663,3.539694048981801e-08,1.119348401006404e-08
99,loss-abort,10000,-1,-0.007243413380192228,0.0,-0.23114316376693522,0.0,0.29303196167087386,-0.3002753750510661,-6.653607964169261,6.422464800402318,0.5000010473787484,13.083316177951772,,6.219873563352598e-08,6.722740175453384,,
100,loss-abort,10000,-1,0.4774025052234301,0.0,1.990479937063986,0.0,6.064866215580677,5.587463710357253,0.9175661506008277,-1.0729137864631577,0.5000043493806318,13.642809863001915,,1.4896390185376872e-06,6.66037749682041,,
101,loss-abort,10000,-1,0.12810640388675273,0.0,0.9106669747902972,0.0,6.242850021789066,6.114743617902313,0.07318989930854093,-0.8374770754817564,0.5000021484995992,13.268260614481678,,3.4919178412052747e-07,6.95222069338407,,
102,loss-abort,10000,-1,-2.8993811904770155,0.0,-0.06889822474671638,0.0,-1.4353837913803327,-1.4639973990966815,-5.203025793305752,5.134127568559033,0.5000162032204475,13.236534552341798,,2.0765365434489633e-05,6.598124967655714,,
103,loss-abort,10000,-1,-1.192507684451709,0.0,-1.7236619600485534,0.0,-0.2864733135238807,-0.9060343709278285,-7.704190290566398,5.980528330517867,0.5000005698653104,14.877226305535974,,2.509242328520311e-08,6.886562701445696,,
104,loss-abort,10000,-1,-1.241894987140674,0.0,-0.47252190134585104,0.0,-0.322904383395128,-0.9189906037455461,-6.429129536954706,5.956607635608837,0.5000020888761725,13.627632159704216,,3.380498732567072e-07,6.875598239354383,,
105,hit condition,10000000,-1,1.295281797211872,0.0,-1.8758025704602002,0.0,16.41777464733709,15.122492850125424,-16.70809321627864,14.832290645824303,2.005444283167832e-14,0.00011636464042830141,NOT IMPORTANT,2.0113068036263697e-28,0.29020220430112076,5.839938133078704e-08,1.846751826498239e-08
106,hit condition,10000000,-1,0.043319472262756176,0.0,-0.6847189791068429,0.0,15.791667984555446,15.74834851229268,-16.11243203766087,15.427713058555392,2.005935443770106e-14,0.00012859936813747197,NOT IMPORTANT,2.0122922204965223e-28,0.3206354537372871,6.455520740189513e-08,2.0414145076000703e-08
107,loss-abort,10000,-1,-0.463399734071444,0.0,1.418113716321522,0.0,0.19390162828827553,-0.6573013623597195,0.31698542699335225,-1.1011282893281682,1.0,0.9547139822500765,,1.4910055000447742e-06,0.4438269269684487,,
108,loss-abort,10000,-1,0.7610101491332771,0.0,1.891366541837638,0.0,6.397726565790473,5.636716416657211,0.8423672326889218,-1.0489993091487158,0.5000029680951843,13.92580952428532,,6.930116935603963e-07,6.6857157258059265,,
109,loss-abort,10000,-1,-0.21850402705887656,0.0,-0.9842114800580605,0.0,0.28847031934105305,-0.506974346399929,-7.371182331444055,6.3869708513859855,0.5000005295171076,13.976657209888916,,1.731362715427052e-08,6.893945197785914,,
110,loss-abort,10000,-1,-0.3165841748891976,0.0,0.3429422510477192,0.0,0.2740811547560137,-0.5906653296452122,-0.24772307898382162,-0.5906653300315402,1.0,0.02635807615852004,,1.331815388080918e-07,3.86327969614797e-10,,
111,hit condition,10000000,-1,0.24971243827900413,0.0,-1.5335563186280425,0.0,15.894885159167401,15.645172720888425,-16.536935789782948,15.003379471155064,2.005723291708517e-14,0.0002573808821857426,NOT IMPORTANT,2.0118666265931113e-28,0.6417932497333609,1.2918826364227698e-07,4.0852918940445947e-08
112,loss-abort,10000,-1,0.12797187643431945,0.0,0.32276359980020386,0.0,6.485017754794188,6.357045878359865,-0.2536769139004947,-0.5764405137006986,0.5000013235264723,13.164827232954256,,1.1352256658608927e-07,6.933486392060564,,
113,loss-abort,10000,-1,3.5602459268026245,0.0,2.654259103741398,0.0,8.816747033339919,5.256501106537265,1.3091943140993847,-1.3450647896420134,0.5000003863990008,16.727507243618582,,1.1799794064701418e-08,6.601565896179279,,
114,loss-abort,10000,-1,-1.2066683183649445,0.0,-0.4064214475032155,0.0,-0.30063391263142164,-0.9060344057335231,-6.380112862472993,5.973691414969785,0.5000021566564875,13.560472595807724,,3.595643498974622e-07,6.8797258207033085,,
115,loss-abort,10000,-1,-2.069619526744322,0.0,-0.8353858705360758,0.0,-0.9754192364362964,-1.0942002903080248,-6.383478235089092,5.548092364553015,0.5000032896881655,14.00119012638643,,8.527728612332901e-07,6.6422926548610395,,
116,loss-abort,10000,-1,0.4463328764302689,0.0,1.7053345448968444,0.0,6.175294457868121,5.728961581437858,0.6956631388473224,-1.0096714060495224,0.5000033807829953,13.609590584202824,,8.96893865812742e-07,6.73863298748738,,
117,loss-abort,10000,-1,-1.0310802514440363,0.0,-0.925102767321957,0.0,-0.17334669361888622,-0.8577335578251487,-6.983119941571815,6.05801717424985,0.5000010846162758,14.072217367265699,,8.983773766305244e-08,6.915750732074998,,
118,loss-abort,10000,-1,-3.03672526819137,0.0,-0.2300443509705127,0.0,-1.5065850646888679,-1.530140203502501,-5.295582460090067,5.06553810911956,0.5000158194913296,13.397845837400995,,1.9800072675669966e-05,6.595678312622061,,
119,loss-abort,10000,-1,-1.5024808701124295,0.0,-0.7487404186361467,0.0,-0.5335784938013127,-0.9689023763111168,-6.577848454081391,5.829108035445246,0.5000020450186062,13.909437359639064,,3.26824340382393e-07,6.798010411756362,,
120,loss-abort,10000,-1,-1.2400684047976294,0.0,-0.13330738264789577,0.0,-0.3210777973552041,-0.918990607442426,-6.090804055207146,5.957496672559243,0.5000029272477574,13.288369132564018,,6.63828254530951e-07,6.876487280001669,,
121,loss-abort,10000,-1,-2.4858033300247913,0.0,-2.0747152826469044,0.0,-1.2189342846567115,-1.2668690453680798,-7.415333321685229,5.340618039038339,0.5000014425494747,15.241754690748358,,1.643849195871407e-07,6.607487084406419,,
122,hit condition,10000000,-1,3.0112101434741643,0.0,-1.820690474943113,0.0,17.2759107783945,14.264700634918553,-16.680531645245047,14.859841170299639,2.0051105464073236e-14,0.00023859776836587798,NOT IMPORTANT,2.010637432896181e-28,0.5951405353810859,1.1972372604418524e-07,3.785995805490929e-08
123,loss-abort,10000,-1,-1.5510890400657718,0.0,2.597788024658617,0.0,-0.3997154196574663,-1.1513736204083045,1.1215649550462028,-1.4762230696124132,1.0,1.0466989845928452,,1.7161361278194705e-05,0.32484944920410874,,
124,hit condition,10000000,-1,4.1083853903445995,0.0,-1.6568454157085242,0.0,17.824608320620726,13.716222930280301,-16.59859269487148,14.941747279160985,2.00492312748896e-14,0.0004912768685620961,NOT IMPORTANT,2.0102618198615162e-28,1.2255243488806844,2.4649010654798076e-07,7.794700940071098e-08
125,loss-abort,10000,-1,-0.5207826690193766,0.0,0.4830324924438832,0.0,0.1958720758087222,-0.7166547448280984,-0.17426887018119133,-0.6573013626250744,1.0,0.037750176575493066,,2.288398417557812e-07,0.059353382203024,,
126,hit condition,10000000,-1,2.444747653960811,0.0,-1.3956266644371027,0.0,16.992622773533586,14.547875119570499,-16.467957138434382,15.072330474001028,2.00530978423006e-14,0.00021028066867501138,NOT IMPORTANT,2.0110370476585108e-28,0.524455354430529,1.0552527385243593e-07,3.337002097877375e-08
127,loss-abort,10000,-1,-0.34687525628099025,0.0,1.0993213426087458,0.0,0.2437900738073283,-0.5906653300883181,0.11942026002629931,-0.9799010825824453,1.0,0.7524460863277549,,7.420520835033861e-07,0.38923575249412723,,
128,hit condition,10000000,-1,0.6148520789704031,0.0,-0.5319650175025864,0.0,16.0774915839053,15.46263950493605,-16.03603974417402,15.504074726671515,2.0058512256485295e-14,1.6617995814982578e-05,NOT IMPORTANT,2.0121232125293285e-28,0.04143522173546543,8.341691781765803e-09,2.6378765489724706e-09
129,loss-abort,10000,-1,-0.18925425137555885,0.0,-1.9443962990467483,0.0,0.23048564143775996,-0.41973989281331864,-8.338554902013083,6.394158602966314,0.5000001998176402,14.921967756354956,,2.371101728654226e-09,6.8138984957796325,,
130,loss-abort,10000,-1,-0.3368285389301488,0.0,-0.3767288012171917,0.0,0.23961197008024238,-0.5764405090103905,-6.729195477438353,6.352466676221166,0.5000010415408713,13.418490692589668,,7.047932910638463e-08,6.928907185231556,,
131,hit condition,10000000,-1,0.3283378066841157,0.0,-0.785351284408784,0.0,15.934205725603954,15.605867918919843,-16.162758277851463,15.37740699344352,2.0058578910008596e-14,9.162677118546014e-05,NOT IMPORTANT,2.0121365985371012e-28,0.22846092547632324,4.599369241020668e-08,1.4544480722326098e-08
132,loss-abort,10000,-1,0.6668561737647071,0.0,1.4321964443905622,0.0,6.530512523835786,5.8636563500710865,0.4717367157885895,-0.9604597286019723,0.500002071337437,13.826365318297434,,3.347565514456108e-07,6.824116078673059,,
133,loss-abort,10000,-1,0.21981026317927643,0.0,0.49745868340980287,0.0,6.514654057437849,6.294843794258571,-0.1844372075802971,-0.6818958909901003,0.5000013673376469,13.306956535106224,,1.3019228137625777e-07,6.976739685248671,,
134,loss-abort,10000,-1,0.07517301345727588,0.0,0.00011934985444852638,0.0,6.498369616562392,6.423196603105112,-0.30015602797316365,-0.30027537782761216,0.500001222376797,12.921685569521953,,8.46946497422961e-08,6.723471980932724,,
135,loss-abort,10000,-1,-1.0204371570755555,0.0,0.44759047727165147,0.0,-0.07630069223383068,-0.9441364648417246,-0.20971088487057238,-0.6573013621422238,1.0,0.5728466798039039,,6.27895378979684e-07,0.28683510269950085,,
136,loss-abort,10000,-1,-0.13758402691350163,0.0,2.9601870108192037,0.0,0.284491993371888,-0.42207602028538954,1.3613251855000654,-1.5988618253191385,1.0,2.8226029839057025,,3.5502277734102006e-05,1.176785805033749,,
137,loss-abort,10000,-1,2.2250598415066865,0.0,0.5456694276203067,0.0,8.500615648665542,6.275555807158863,-0.13622635257321716,-0.6818957801935236,0.5000001913199582,15.321840883444711,,2.5662464544419822e-09,6.957451587352387,,
138,loss-abort,10000,-1,-1.0791258548169111,0.0,-1.573187390618368,0.0,-0.20344609205208,-0.8756797627648307,-7.608273186154631,6.035085795536269,0.5000005939289354,14.72248483650781,,2.7057322461800965e-08,6.9107655583011,,
139,loss-abort,10000,-1,1.6845305189834126,0.0,0.37158351770610515,0.0,8.025488393325919,6.340957874342504,-0.20485693364186935,-0.5764404513479744,0.5000002882051027,14.738029785374527,,5.429477549931581e-09,6.917398325690478,,
140,hit condition,10000000,-1,0.679025312960392,0.0,-2.467217163504955,0.0,16.1095846338406,15.430559320880215,-17.003859779896306,14.536642616393308,2.005449334176341e-14,0.00035844156879605293,NOT IMPORTANT,2.0113171096351322e-28,0.893916704486907,1.7988941003466152e-07,5.688602042990381e-08
141,loss-abort,10000,-1,1.3115960788862888,0.0,0.642647405320921,0.0,7.54680866152124,6.235212582634925,-0.08016762139093285,-0.722815026711853,0.5000005170281968,14.424668649477086,,1.923656167191569e-08,6.958027609346778,,
142,loss-abort,10000,-1,-1.5703861339741931,0.0,-0.6668367776910801,0.0,-0.5862503362393109,-0.9841357977348824,-6.462485232945096,5.795648455254017,0.5000023731772976,13.828519822173305,,4.4085777751780445e-07,6.7797842529888985,,
143,loss-abort,10000,-1,0.37295244703210706,0.0,0.07419925780969415,0.0,6.7881062943335175,6.415153847301409,-0.2260761156809024,-0.30027537349059563,0.5000009222888997,13.27745939944462,,4.837993009122518e-08,6.7154292207920045,,
144,loss-abort,10000,-1,-0.413192453498017,0.0,-0.14635451224538432,0.0,0.22055455261670776,-0.633747006114724,-6.472782652813079,6.326428140567698,0.500001381476126,13.212403246878793,,1.2872657623481843e-07,6.960175146682422,,
145,loss-abort,10000,-1,-0.35634982567139206,0.0,0.21575597372502053,0.0,0.23431550455279,-0.5906653302241825,-0.29830223871929834,-0.5140582124443198,1.0,0.14059385194637108,,1.1666987561924152e-07,0.07660711777986273,,
146,hit condition,10000000,-1,2.081003905130067,0.0,-3.629803177144425,0.0,16.810714448150524,14.729710543021103,-17.58526927119776,13.955466094050124,2.004933986441425e-14,0.00031037407625689184,NOT IMPORTANT,2.0102833791312592e-28,0.774244448970979,1.5572601341773407e-07,4.9244889122266145e-08
147,loss-abort,10000,-1,-0.33495685632125044,0.0,0.24962626023222909,0.0,0.2557084735943217,-0.5906653299155726,-0.2644319527219599,-0.5140582129541891,1.0,0.08533059608902183,,1.1554137914526016e-07,0.07660711696138356,,
148,hit condition,10000000,-1,0.4185987145964182,0.0,-0.5259666449488795,0.0,15.979345228113917,15.560746513517506,-16.033039956583934,15.507073311635127,2.0058918945772784e-14,2.1526587639542072e-05,NOT IMPORTANT,2.012204814014239e-28,0.05367320188237912,1.0805893069232297e-08,3.4171282032472795e-09
149,loss-abort,10000,-1,-2.48437977009745,0.0,0.4638556614656175,0.0,-1.0415569804462235,-1.4428227896512267,-0.19344570090032365,-0.6573013623659409,1.0,2.0205241086318333,,1.3544741201473888e-05,0.7855214272852857,,
150,hit condition,10000000,-1,2.4428420998390608,0.0,-2.1692076016330515,0.0,16.991669805514398,14.548827705685762,-16.854825135587706,14.685617533961727,2.0051546940416547e-14,5.484165072466851e-05,NOT IMPORTANT,2.0107259000596305e-28,0.13678982827596542,2.7519076795101682e-08,8.702293813631604e-09
151,hit condition,10000000,-1,1.2216372925297896,0.0,-0.4646048261220437,0.0,16.38094501353762,15.159307721005648,-16.002352895873052,15.5377480697509,2.0057427774288575e-14,0.00015176891931290015,NOT IMPORTANT,2.0119056562913634e-28,0.37844034874525256,7.617874331344865e-08,2.408983507017081e-08
152,loss-abort,10000,-1,-0.0867257215748138,0.0,-1.4890233536399582,0.0,0.21354960832089923,-0.3002753298957128,-7.902689549801609,6.4136661961616515,0.5000003030091219,14.403081467538074,,5.224860749028699e-09,6.713941526057364,,
153,loss-abort,10000,-1,-0.47299245496507425,0.0,1.8385406975131007,0.0,0.1843089075249506,-0.657301362490025,0.60176932731179,-1.236771370201311,1.0,1.3655482425480265,,3.600292164493676e-06,0.579470007711286,,
154,loss-abort,10000,-1,0.823998945406793,0.0,2.4498585666270527,0.0,6.182561274636449,5.358562329229648,1.2009105367307682,-1.248948029896284,0.5000048609785896,13.990982170493151,,1.8663539336262573e-06,6.607510359125932,,
155,loss-abort,10000,-1,1.6651118618915794,0.0,0.6209623363995674,0.0,7.909509305864267,6.244397443972683,-0.10185266809873941,-0.7228150044983063,0.5000003564563908,14.774869086236516,,9.11935745940728e-09,6.967212448470989,,
156,loss-abort,10000,-1,2.466295858797189,0.0,0.6208300788767072,0.0,8.710705350962863,6.244409492165678,-0.10198483839503965,-0.7228149172717463,0.500000159972802,15.575944922005247,,1.8363716169210573e-09,6.967224409437424,,
157,hit condition,10000000,-1,1.170952109110973,0.0,-0.41941466469470556,0.0,16.355597341535287,15.184645232425515,-15.979753284957095,15.560338620262424,2.0057620536158823e-14,0.00015066874128422114,NOT IMPORTANT,2.0119443306855255e-28,0.3756933878369093,7.562720938381062e-08,2.3915421501914612e-08
158,hit condition,10000000,-1,0.09410999530727007,0.0,-0.9863062296333486,0.0,15.817068338080638,15.722958342773369,-16.263255893889667,15.276949664254214,2.0058645933066802e-14,0.00017887728987631135,NOT IMPORTANT,2.012150082106288e-28,0.4460086785191546,8.979087162686028e-08,2.839436203751805e-08
159,hit condition,10000000,-1,1.3994830214105711,0.0,-1.666372964402399,0.0,16.469885703440916,15.070402682029853,-16.6033574240946,14.93698445969228,2.0054654283209902e-14,5.3498316113120836e-05,NOT IMPORTANT,2.0113492059251989e-28,0.13341822233757306,2.6849136247619754e-08,8.490440715294717e-09
160,hit condition,10000000,-1,1.1064104647742916,0.0,-0.2696213112045694,0.0,16.32332005013859,15.216909585366965,-15.904841591513799,15.635220280309262,2.0058051510984685e-14,0.00016776368249260543,NOT IMPORTANT,2.0120308091462231e-28,0.41831069494229745,8.420977160028542e-08,2.6629469148937314e-08
161,loss-abort,10000,-1,1.6563935244715513,0.0,1.0618891074291184,0.0,7.699714395086599,6.043320870615048,0.1862093494405123,-0.8756797579886063,0.5000005375831205,14.804924373130765,,2.2150996110140597e-08,6.919000628603654,,
162,loss-abort,10000,-1,2.574782488426571,0.0,1.0334714792472812,0.0,8.631615287169238,6.056832798742629,0.17573802471647756,-0.8577334545308035,0.5000002088613366,15.721919565159148,,3.3310865544457054e-09,6.914566253273433,,
163,loss-abort,10000,-1,-2.2232006501412807,0.0,-0.09468608515654638,0.0,-1.0763600824686081,-1.1468405676726734,-5.566289828260925,5.47160374310439,0.5000080403274184,13.261094221506596,,5.099971788010853e-06,6.618444310777063,,
164,loss-abort,10000,-1,-1.6574684669664048,0.0,-0.7329583821789755,0.0,-0.6598736507381171,-0.9975948162282878,-6.485599152548885,5.75264077036989,0.500002420861466,13.89570838988518,,4.594691044862687e-07,6.750235586598178,,
165,loss-abort,10000,-1,2.137199746183784,0.0,0.9016089618429258,0.0,8.256134277404263,6.118934531220487,0.06413196729253011,-0.8374769945503965,0.5000002857307254,15.276677770467677,,6.171695869403784e-09,6.956411525770883,,
166,loss-abort,10000,-1,-0.988436891251303,0.0,-1.4336128480331487,0.0,-0.13070335153960327,-0.8577335397116989,-7.511829401984559,6.0782165539514255,0.5000006264523416,14.578482847187285,,2.990698024031834e-08,6.935950093663124,,
167,loss-abort,10000,-1,0.3453926806668934,0.0,0.95908897796292,0.0,6.43746091959517,6.092068238928274,0.12161190476307211,-0.837477073199848,0.5000018091085658,13.488618136486364,,2.4827639034829786e-07,6.929545312128122,,
168,loss-abort,10000,-1,-0.828063592276025,0.0,-1.2850578544877849,0.0,-0.0135972131522938,-0.8144663791237302,-7.437959268333752,6.152901413845972,0.5000006259421622,14.418924274455748,,2.935170042495532e-08,6.967367792969702,,
169,loss-abort,10000,-1,-2.8168846122207984,0.0,1.3740823986382755,0.0,-1.2709784950425873,-1.54590611717821,0.27295410964758515,-1.1011282889906888,1.0,1.4428022135825236,,2.660243786927608e-05,0.4447778281875212,,
170,loss-abort,10000,-1,0.02355698038717092,0.0,0.2909480582290619,0.0,6.390623070214697,6.36706608982753,-0.21602631577854134,-0.506974374007603,0.5000014400447901,13.048637218271288,,1.2965084517279278e-07,6.874040463835133,,
171,loss-abort,10000,-1,-1.1081705017603092,0.0,1.7345301472400791,0.0,-0.12826941909392114,-0.9799010826663878,0.5174940327041945,-1.2170361145358857,1.0,0.6263596454797712,,3.00188791623904e-06,0.23713503186949791,,
172,hit condition,10000000,-1,1.3338870489903891,0.0,-0.17228498542082415,0.0,16.437081142627207,15.103194093633496,-15.856163670470139,15.683878685049322,2.0057789976464643e-14,0.00023288074124394598,NOT IMPORTANT,2.0119783743470474e-28,0.5806845914158263,1.1689392742653126e-07,3.69650932472777e-08
173,loss-abort,10000,-1,-0.7861096409930137,0.0,-0.5044377929172744,0.0,0.0020488650427458776,-0.7881585060357595,-6.676397028721837,6.1719592358045725,0.5000013152241573,13.634465905519424,,1.2845587986799413e-07,6.960117741840332,,
174,loss-abort,10000,-1,-1.1294270733545086,0.0,0.03756738012887613,0.0,-0.11617257975017568,-1.0132544936043306,-0.2627079995413691,-0.30027537967024526,1.0,1.09185969322563,,7.977409682702537e-07,0.7129791139340853,,
175,loss-abort,10000,-1,-0.8713927458970175,0.0,0.8280821738966827,0.0,0.034283185175647456,-0.9056759310726654,-0.03609725524772074,-0.8641794291444029,1.0,0.043310572000335834,,5.886236006069332e-07,0.041496501928262486,,
176,loss-abort,10000,-1,-0.5083653335293208,0.0,-0.5005708803208013,0.0,0.17353055181419855,-0.6818958853435197,-6.791088669945467,6.290517789624655,0.5000010415988807,13.589971793099444,,7.56708397094721e-08,6.972413674968175,,
177,hit condition,10000000,-1,2.1740040473412408,0.0,-1.0263223912720438,0.0,16.85722383910589,14.68321979177129,-16.283267985771907,15.256945594498385,2.0054384255379774e-14,0.00023005060688952028,NOT IMPORTANT,2.0112951123812836e-28,0.5737258027270951,1.154538900038915e-07,3.650972954847771e-08
178,loss-abort,10000,-1,-2.21736791339273,0.0,0.5179064918496852,0.0,-0.8645161294883531,-1.3528517839043754,-0.19874825293918136,-0.7166547447888657,1.0,1.699461421543044,,7.852393175719652e-06,0.6361970391155097,,
179,loss-abort,10000,-1,-2.93854982966313,0.0,0.3738878523864316,0.0,-1.3481649012976364,-1.5903849283654932,-0.21677747808587144,-0.5906653304723027,1.0,2.564661977276698,,3.398236312943963e-05,0.9997195978931904,,
180,loss-abort,10000,-1,1.3883619391194135,0.0,0.09915762741867355,0.0,7.800554543053636,6.4121926039342245,-0.20111770945245566,-0.3002753368711289,0.5000003360874888,14.311904774406534,,6.432248317598269e-09,6.712467940805354,,
181,hit condition,10000000,-1,0.013116935861713162,0.0,-2.899999557080427,0.0,15.776563688375822,15.763446752514112,-17.220294342307465,14.320294785229143,2.0054962965171198e-14,0.0005786866466745977,NOT IMPORTANT,2.011411631131583e-28,1.4431519672849689,2.904297069505901e-07,9.184193019693677e-08
182,loss-abort,10000,-1,0.7853180033530035,0.0,0.5604423232678098,0.0,7.054970475007613,6.269652471654613,-0.12145355582137228,-0.6818958790891827,0.5000008168828628,13.885065269930037,,4.689154670813731e-08,6.951548350743796,,
183,loss-abort,10000,-1,-1.657455124964085,0.0,2.7056320178910496,0.0,-0.4611653156714983,-1.1962898092925853,1.1982994661818942,-1.5073325517091554,1.0,1.048176892926966,,2.135124428441038e-05,0.31104274241657004,,
184,loss-abort,10000,-1,-1.731020311651216,0.0,-2.3748752047028128,0.0,-0.7157351758462087,-1.0152851358050061,-8.091097827909635,5.716222623206859,0.5000005041118688,15.538340762767708,,1.994813028473573e-08,6.731507759011865,,
185,loss-abort,10000,-1,-2.5612224604488345,0.0,0.03672840936057738,0.0,-1.0958561213331335,-1.465366339115701,-0.2635469702966939,-0.30027537965727125,1.0,2.524494051088257,,1.5829328520887123e-05,1.1650909594584298,,
186,loss-abort,10000,-1,0.47782210429397715,0.0,0.6236312854964768,0.0,6.721115253562679,6.243293149268699,-0.09918376840409064,-0.7228150539005674,0.5000011711134636,13.588039688327855,,9.847653036709933e-08,6.9661082031692665,,
187,loss-abort,10000,-1,-0.4770990565942369,0.0,-1.1492960379649697,0.0,0.15664792218442325,-0.6337469787786597,-7.452031368986929,6.302735331021943,0.500000531313348,14.23186575660311,,1.9242068188176783e-08,6.936482309800603,,
188,hit condition,10000000,-1,1.1918491017634651,0.0,-1.2693774270635676,0.0,16.366047932420198,15.174198830661005,-16.40481986585508,15.135442438794165,2.0055869640829166e-14,1.5541568043175857e-05,NOT IMPORTANT,2.0115930184797992e-28,0.038756391866840545,7.80039677295008e-09,2.466710108617835e-09
189,loss-abort,10000,-1,-1.710972427600938,0.0,1.9817596221348088,0.0,-0.5146826179853083,-1.1962898096156311,0.6910334576194768,-1.290726164515331,1.0,0.27078719453386824,,5.577274346717784e-06,0.09443635489969981,,
190,loss-abort,10000,-1,0.2511240351066627,0.0,0.666504561871323,0.0,6.47612434900285,6.225000313896188,-0.09138048448512241,-0.7578850463564452,0.5000015238479996,13.36762922477036,,1.6924370628413095e-07,6.982885360252633,,
191,hit condition,10000000,-1,0.8850724123933902,0.0,-0.8086432264725613,0.0,16.21262883784196,15.327556425449377,-16.174406583671356,15.365763357201875,2.0057412633973946e-14,1.5322418107643898e-05,NOT IMPORTANT,2.011902584209522e-28,0.03820693175249801,7.690919900937843e-09,2.4320807778314156e-09
192,loss-abort,10000,-1,-0.7535814960045499,0.0,0.90591930399922,0.0,0.0656476198116455,-0.819229115816196,0.0002433725427557482,-0.9056759314564643,1.0,0.15233780799466956,,5.710270448397528e-07,0.08644681564026835,,
193,loss-abort,10000,-1,-0.8727836308430098,0.0,0.4752050190790369,0.0,0.032892300245373804,-0.905675931088385,-0.1820963434408661,-0.6573013625199028,1.0,0.39757861176397447,,4.654688646382008e-07,0.24837456856848217,,
194,loss-abort,10000,-1,-0.12651491303474774,0.0,-1.6889549748586843,0.0,0.2932249981168482,-0.41973991115159587,-8.095907325885623,6.40695235102695,0.5000002514537257,14.629374589947322,,3.725560822383655e-09,6.826692262178546,,
195,hit condition,10000000,-1,1.3666829319769507,0.0,-1.8234331562182364,0.0,16.453482371222037,15.086799439243872,-16.681903260752065,14.858470104531143,2.0054404553065104e-14,9.155481729905546e-05,NOT IMPORTANT,2.0112991169773926e-28,0.2283293347127291,4.594798319601523e-08,1.4530027271030716e-08
196,loss-abort,10000,-1,0.32946006279115597,0.0,0.09473064164712387,0.0,6.742206990571282,6.412746927780132,-0.20554473318533917,-0.3002753748324622,0.5000009679348081,13.249684559998537,,5.334452522843791e-08,6.713022302612594,,
197,hit condition,10000000,-1,1.7912587617509708,0.0,-1.5833891758536296,0.0,16.66581283900242,14.874554077255054,-16.561857212887595,14.97846803703578,2.0054033629293428e-14,4.166633410029874e-05,NOT IMPORTANT,2.011224698697936e-28,0.10391395978072637,2.091052841990404e-08,6.612501593275262e-09
198,loss-abort,10000,-1,-0.7681961423875338,0.0,-0.14185487606060193,0.0,0.01996236943930786,-0.7881585118268415,-6.321902398113841,6.18004752205323,0.500001859696788,13.270146062554605,,2.564424065899085e-07,6.9682060338800715,,
199,loss-abort,10000,-1,0.25575636989313005,0.0,1.2281838710137385,0.0,6.219023900959989,5.9632675310668395,0.30919326489585625,-0.9189906061178822,0.5000025601656037,13.410475303040569,,5.076094146463378e-07,6.882258137184722,,
200,loss-abort,10000,-1,0.4399598306346667,0.0,0.03515817252980522,0.0,6.8594738730943705,6.419514042459702,-0.26511719854013754,-0.3002753710699428,0.5000008550250279,13.314146088083877,,4.1501681599346475e-08,6.719789413529645,,
201,loss-abort,10000,-1,1.4542892491113106,0.0,2.9642814896981253,0.0,6.556003210698762,5.101713961587432,1.4697173415402476,-1.4945641481578769,0.5000043260124485,14.62199866198432,,1.4803909252103005e-06,6.596278109745309,,
202,loss-abort,10000,-1,-1.9170018979753263,0.0,-0.008126900776747957,0.0,-0.8637736724160973,-1.053228225559227,-5.6321124054132685,5.623985504636522,0.5000064641108336,13.173099808025114,,3.287867358010721e-06,6.677213730195749,,
203,loss-abort,10000,-1,1.0742930434227214,0.0,0.12125842687083618,0.0,7.482297828104408,6.408004784681689,-0.29848152365671904,-0.41973995052755514,0.5000004639682131,14.011561039656934,,1.267704479432894e-08,6.827744735209245,,
204,hit condition,10000000,-1,2.0288841872561703,0.0,-0.4725911609149715,0.0,16.784649366042096,14.755765178790234,-16.006346863872995,15.533755702958008,2.005578922035562e-14,0.0003119780013278728,NOT IMPORTANT,2.011577031147912e-28,0.7779905241677731,1.5658118890371497e-07,4.951532283810556e-08
205,loss-abort,10000,-1,-1.4340177555897904,0.0,1.2310880803908693,0.0,-0.3328894661433311,-1.1011282894464585,0.18664791866215621,-1.0444401617287113,1.0,0.20292967519892202,,1.8266040409001782e-06,0.05668812771774712,,
206,loss-abort,10000,-1,-3.9214723062348606,0.0,-0.6728245434069958,0.0,-1.9565944001970008,-1.9648779060378658,-5.297061904617549,4.624237361210577,0.500024558649441,13.842771572062992,,4.792364279189954e-05,6.5891152672484425,,
207,loss-abort,10000,-1,3.3461418727186913,0.0,0.03711403959393997,0.0,9.765186781437215,6.419044908718404,-0.2631609164558466,-0.30027495604978655,0.5000000468001761,16.221345729749558,,1.24221159546564e-10,6.719319864768191,,
208,hit condition,10000000,-1,0.5059550334280025,0.0,-1.3457742213758639,0.0,16.023032144741222,15.51707711131363,-16.443025920261007,15.097251698885177,2.005709508744426e-14,0.0001683630913298373,NOT IMPORTANT,2.011838916354194e-28,0.4198254124284535,8.450653865565982e-08,2.672330384839635e-08
209,loss-abort,10000,-1,-0.03279117213608176,0.0,-0.2010995308651851,0.0,0.2674842040006103,-0.30027537613669203,-6.62087215729807,6.419772626432888,0.5000010851503986,13.07343595586704,,6.684149832709105e-08,6.7200480025695795,,
210,hit condition,10000000,-1,2.628084588484927,0.0,-1.428472148047297,0.0,17.084309612062675,14.456225023576282,-16.484383172277365,15.05591102423037,2.0052663464731377e-14,0.00024043913122007154,NOT IMPORTANT,2.0109499367355407e-28,0.5996860006540885,1.2065705767838608e-07,3.815510599761963e-08
211,loss-abort,10000,-1,-3.9057236046174775,0.0,0.5750915349141453,0.0,-1.9007711506256693,-2.0049524539918058,-0.14156321063395472,-0.7166547455480989,1.0,3.3306320697033307,,0.00023823613090406123,1.2882977084437068,,
212,hit condition,10000000,-1,2.1920533797471826,0.0,-0.9739201678657359,0.0,16.86625031407527,14.67419693432932,-16.25706162146599,15.283141453602113,2.0054453336325947e-14,0.0002441733364868526,NOT IMPORTANT,2.0113089804387156e-28,0.6089445192727929,1.2254198900052415e-07,3.875118400959351e-08
213,loss-abort,10000,-1,-2.578860000345601,0.0,-1.5171992067429028,0.0,-1.2681403423648279,-1.3107196579807732,-6.811372175044008,5.294172968301103,0.5000027643851298,14.684405143690713,,6.038775896653742e-07,6.604892626281876,,
214,hit condition,10000000,-1,0.6131600656299042,0.0,-0.795153779189778,0.0,16.07664540762095,15.46348534199123,-16.167660507848037,15.372506728660749,2.0057986467886828e-14,3.6486896604515096e-05,NOT IMPORTANT,2.0120177183896764e-28,0.0909786133304813,1.831475060498633e-08,5.791635447910704e-09
215,hit condition,10000000,-1,0.0599302609581486,0.0,-3.334031907416959,0.0,15.799975044224926,15.740044783266764,-17.43735400443668,14.103322097019689,2.0053996975292713e-14,0.000656273964679599,NOT IMPORTANT,2.0112179931079147e-28,1.6367226862470758,3.293531509740433e-07,1.0415060192355887e-07
216,loss-abort,10000,-1,-0.7359044636229122,0.0,1.1147768253130823,0.0,0.08332465198220024,-0.8192291156051125,0.13487574258450952,-0.9799010827285728,1.0,0.37887236169017013,,8.193053038414854e-07,0.16067196712346032,,
217,loss-abort,10000,-1,-0.37428626685223104,0.0,-1.448214477255307,0.0,0.20215420152162897,-0.5764404683738592,-7.788279317573821,6.340064840318536,0.5000003656858014,14.502630424744588,,8.745739742214813e-09,6.916505308692395,,
218,loss-abort,10000,-1,1.4876531959984478,0.0,1.395798363562336,0.0,7.369151171115337,5.881497975116911,0.4444407765752375,-0.9513575869870993,0.5000008796019804,14.646447509794585,,6.029281870365083e-08,6.832855562104011,,
219,loss-abort,10000,-1,-0.658182267379433,0.0,-1.049110130862555,0.0,0.06463277117481536,-0.7228150385542474,-7.277710835617947,6.22860070475538,0.5000006811667359,14.16449380775276,,3.3451012400312625e-08,6.951415743309628,,
220,hit condition,10000000,-1,1.8074523351405283,0.0,-0.7777162914496687,0.0,16.6739112486235,14.866458913479732,-16.158940016038446,15.381223724582892,2.0055620704888383e-14,0.00020642148189509157,NOT IMPORTANT,2.0115431414326195e-28,0.5147648111031593,1.0360166058376308e-07,3.276171959887522e-08
221,loss-abort,10000,-1,-0.23102924781313916,0.0,2.546952118230006,0.0,0.28302896486323653,-0.5140582126763757,1.0927130410247923,-1.4542390772052136,1.0,2.3159228704168666,,1.5367495880601528e-05,0.9401808645288379,,
222,hit condition,10000000,-1,0.26426027253987316,0.0,-0.7006303724636016,0.0,15.902160534733126,15.637900262193257,-16.12038932933692,15.419758956872712,2.0058878110992567e-14,8.748928324919802e-05,NOT IMPORTANT,2.0121966313967232e-28,0.218141305320545,4.391756291965976e-08,1.388796259508503e-08
223,loss-abort,10000,-1,-2.795070060172608,0.0,0.05007231616122822,0.0,-1.2585308188197366,-1.5365392413528716,-0.2502030637011059,-0.30027537986233416,1.0,2.7449977440113797,,2.5416844957825498e-05,1.2362638614905375,,
224,loss-abort,10000,-1,-0.12245736513344697,0.0,-0.8822450373097311,0.0,0.2972825936377615,-0.41973995877120834,-7.290020439751878,6.407775402442128,0.5000005624615714,13.820253207327452,,1.863365250370443e-08,6.827515361213336,,
225,hit condition,10000000,-1,1.308921182498594,0.0,-1.826334702205886,0.0,16.424595707060277,15.115674524558601,-16.68335432453204,14.857019622331501,2.0054514831138595e-14,0.0001037152446645706,NOT IMPORTANT,2.0113212428877168e-28,0.2586549022271001,5.205116160311718e-08,1.6460022791570223e-08
226,loss-abort,10000,-1,-2.238525261694128,0.0,-1.1146329984808232,0.0,-1.0859774534458504,-1.1525478082482772,-6.578596209168844,5.463963210688018,0.5000029441023255,14.28108468155099,,6.838534095150687e-07,6.616511018936295,,
227,loss-abort,10000,-1,-0.07694970535659977,0.0,-2.1636614372109384,0.0,0.22332556044167895,-0.3002752657982783,-8.57842845813281,6.414767020921912,0.5000001539954686,15.07014518441132,,1.3486165987307313e-09,6.71504228672019,,
228,loss-abort,10000,-1,-1.7093182069771617,0.0,-1.2418397536665864,0.0,-0.6996468103726923,-1.0096713966044704,-6.968824893473882,5.726985139807308,0.5000015319682463,14.405128240258353,,1.8416845387097932e-07,6.736656536411778,,
229,loss-abort,10000,-1,-0.12895559195031694,0.0,-1.08918155007967,0.0,0.2907843582386536,-0.4197399501889706,-7.495676705332354,6.406495155252693,0.5000004584938121,14.031127452535364,,1.2391109757631639e-08,6.826235105441664,,
230,hit condition,10000000,-1,1.2819230104202082,0.0,-3.2361204739400335,0.0,16.411093914986544,15.129170904565262,-17.388388478014722,14.15226800407146,2.005173659595855e-14,0.00039166253437450393,NOT IMPORTANT,2.0107641674150172e-28,0.9769029004938012,1.9653489502502453e-07,6.21498031415178e-08
231,hit condition,10000000,-1,0.45339014276747047,0.0,-0.9655065452485425,0.0,15.996744429955049,15.543354287187592,-16.25285396680496,15.287347421556545,2.005796523571051e-14,0.00010267121886364805,NOT IMPORTANT,2.0120134722648587e-28,0.256006865631047,5.1535964828985925e-08,1.629708625655776e-08
232,loss-abort,10000,-1,0.5277250327098741,0.0,2.663578870427515,0.0,5.779604164377038,5.251879131667168,1.3130493583582779,-1.3505295120692373,0.5000080920336795,13.69506216647172,,5.1758914170711935e-06,6.602408643736405,,
233,loss-abort,10000,-1,-0.2308096056480338,0.0,0.14580735117439952,0.0,0.2832486070250298,-0.5140582126730644,-0.27626866923622917,-0.42207602041062864,1.0,0.08500225447363507,,7.424014799520809e-08,0.09198219226243576,,
234,hit condition,10000000,-1,1.0493006642311271,0.0,-2.0093122121795743,0.0,16.294759425489616,15.245458761255353,-16.77486141709405,14.765549204910394,2.0054669013865744e-14,0.0001924352594766532,NOT IMPORTANT,2.0113522125560064e-28,0.4799095563449587,9.657749622249412e-08,3.0540487281967845e-08
235,loss-abort,10000,-1,0.8037820807354038,0.0,1.0215645173980128,0.0,6.866315673004509,6.062533592269121,0.16383095696686945,-0.8577335604311424,0.5000012135065116,13.950413782671642,,1.1240807725129965e-07,6.920267152700263,,
236,loss-abort,10000,-1,-0.323236709656459,0.0,0.79375643978826,0.0,0.267428620087221,-0.5906653297436809,-0.07042298895748884,-0.864179428745748,1.0,0.4705197301317993,,3.7547111379545454e-07,0.27351409900206713,,
237,hit condition,10000000,-1,0.05220405396627289,0.0,-1.2085481900551236,0.0,15.796111166135724,15.743907112169449,-16.37439915035115,15.16585096029873,2.005828343127911e-14,0.00023183234470636194,NOT IMPORTANT,2.0120773807547844e-28,0.5780561518707188,1.1637066066327861e-07,3.679963503835631e-08
238,loss-abort,10000,-1,-1.9881590083410468,0.0,1.2585714992036536,0.0,-0.6974328437960234,-1.290726164545021,0.2141313372382819,-1.0444401619653705,1.0,0.729587509137392,,5.021621152273463e-06,0.2462860025796505,,
239,hit condition,10000000,-1,2.389482617876556,0.0,-1.2400121787642535,0.0,16.964984717526203,14.575502099645108,-16.390134298397427,15.150122119631906,2.0053521694623652e-14,0.0002303991419800866,NOT IMPORTANT,2.0111220830340184e-28,0.5746200199867975,1.1562378077201174e-07,3.656344805734433e-08
240,hit condition,10000000,-1,0.3936155302325728,0.0,-1.8430037789793425,0.0,15.966851131411733,15.573235601179132,-16.691690533484678,14.848686754506977,2.0056321586824696e-14,0.0002905554007899269,NOT IMPORTANT,2.011683815523808e-28,0.724548846672155,1.4583311624960515e-07,4.6116486251507094e-08
241,loss-abort,10000,-1,-0.7904779464790481,0.0,-0.8252017737519579,0.0,-0.002319447835907504,-0.7881584986431394,-6.995182375353646,6.169980601601675,0.5000009581033752,13.955640923434368,,6.819149562882777e-08,6.958139100244814,,
242,loss-abort,10000,-1,-1.734548101376566,0.0,-0.22755944274030732,0.0,-0.7192629192887819,-1.015285182087784,-5.942057167127318,5.714497724387016,0.5000043310434127,13.3911029928909,,1.4726059317836422e-06,6.729782906474799,,
243,loss-abort,10000,-1,1.2814413230864958,0.0,0.6725282422476562,0.0,7.503797596360127,6.222356273273631,-0.08535677378010269,-0.7578850160277586,0.5000005467353075,14.398682111881415,,2.179872768770716e-08,6.980241289301389,,
244,loss-abort,10000,-1,-0.8493225933328755,0.0,1.894657752185306,0.0,0.01485683605144488,-0.8641794293843205,0.6390765571740761,-1.2555811950112294,1.0,1.04533515885243,,4.06309288908712e-06,0.391401765626909,,
245,loss-abort,10000,-1,0.1940463157104184,0.0,2.4345871858713215,0.0,5.56023021865483,5.366183902944421,1.1925483555523038,-1.2420388303190177,0.5000089885294221,13.361001307470573,,6.3811394326217235e-06,6.608222733263439,,
246,loss-abort,10000,-1,-1.9595152504284963,0.0,4.157143643889635,0.0,-0.6859723915765495,-1.273542858851947,2.0373485264145565,-2.1197951174750784,1.0,2.1976283934611383,,0.0003945397139476375,0.8462522586231314,,
247,loss-abort,10000,-1,-0.3586391865423356,0.0,-1.7803651354473449,0.0,0.2178012556026994,-0.5764404421450344,-8.12562033346342,6.34525519801606,0.5000002596262573,14.829514718021816,,4.395813235337306e-09,6.9216956401610945,,
248,loss-abort,10000,-1,-1.6156064775474956,0.0,1.2130462884007982,0.0,-0.4411690000008168,-1.1744374775466775,0.16860612683101694,-1.0444401615697785,1.0,0.4025601891466988,,2.4581694916921513e-06,0.129997315976899,,
249,loss-abort,10000,-1,1.174659487033289,0.0,1.044330191294339,0.0,7.226370771139908,6.051711284106655,0.16865041474593112,-0.8756797765484075,0.5000008557999119,14.322412246540901,,5.609688254015566e-08,6.927391060655062,,
250,hit condition,10000000,-1,0.7568492097879531,0.0,-1.697623824580857,0.0,16.1485043834681,15.391655173680382,-16.61898598622037,14.921362161637658,2.0055883394699708e-14,0.00018859070954313495,NOT IMPORTANT,2.0115958310781046e-28,0.470293012042724,9.465383143947292e-08,2.9932180382960335e-08
251,loss-abort,10000,-1,-0.3059393061374697,0.0,-3.372423733595662,0.0,0.2705007628093867,-0.5764400689468552,-9.734652046674858,6.36222831307924,0.5000000510720968,16.402819665891567,,1.683659498936382e-10,6.938668382026095,,
252,loss-abort,10000,-1,-1.3372890370153503,0.0,0.8486778959569397,0.0,-0.26361950977847437,-1.0736695272368741,-0.015501533420173184,-0.8641794293771127,1.0,0.48861114105840897,,1.311869855318123e-06,0.20949009785976147,,
253,loss-abort,10000,-1,-2.7540816119649065,0.0,3.2642903242256733,0.0,-1.227086640372172,-1.526994971592734,1.5437845007238347,-1.7205058235018391,1.0,0.5102087122607677,,6.963635706881558e-05,0.1935108519091051,,
254,hit condition,10000000,-1,1.6991377670487429,0.0,-1.710095657245681,0.0,16.61974310918252,14.920605342135616,-16.625223152502027,14.915127495261151,2.005396410876462e-14,2.19644504362293e-06,NOT IMPORTANT,2.0112107502442213e-28,0.005477846874464731,1.1021992207815856e-09,3.4853599975911243e-10
255,loss-abort,10000,-1,0.9375869282012914,0.0,0.7007555620426786,0.0,7.147587793443182,6.210000865241889,-0.05712946868698522,-0.7578850307296637,0.5000007903927689,14.058344220727749,,4.569128762567465e-08,6.967885895971553,,
256,loss-abort,10000,-1,-0.28005012279598174,0.0,0.7514447970276278,0.0,0.23400809060170277,-0.5140582133976855,-0.0677843187632509,-0.8192291157908783,1.0,0.47139467423164466,,3.264784810818116e-07,0.3051709023931928,,
257,loss-abort,10000,-1,-0.45860511642051177,0.0,-0.10662453735101149,0.0,0.175141891126712,-0.633747007547224,-6.416295733358118,6.309671196007101,0.5000014864585043,13.184572045785732,,1.5016543626406878e-07,6.943418203554325,,
258,loss-abort,10000,-1,0.7001773090909619,0.0,0.6075963602546186,0.0,6.950240015195614,6.2500627061046385,-0.11521868783063753,-0.7228150480852567,0.500000925020533,13.807899081554872,,6.131750960242345e-08,6.972877754189895,,
259,loss-abort,10000,-1,0.4122218988625916,0.0,0.4421034829517314,0.0,6.7280183242471105,6.315796425384511,-0.19164351847007544,-0.6337470014218068,0.5000010817159554,13.485918232583353,,7.93052946213143e-08,6.9495434268063185,,
260,loss-abort,10000,-1,1.3265475613322557,0.0,1.0792571024011488,0.0,7.361575287847164,6.035027726514929,0.20357732975119314,-0.8756797726499551,0.5000007601498935,14.47586011676324,,4.432255648400653e-08,6.910707499164884,,
261,loss-abort,10000,-1,-1.7059826807044969,0.0,-1.0949953725770702,0.0,-0.696311281791005,-1.0096713989134918,-6.823632702217521,5.728637329640447,0.500001768432119,14.258252712562465,,2.454031219771772e-07,6.738308728553939,,
262,loss-abort,10000,-1,2.047845152950812,0.0,2.193676206483779,0.0,7.534151461378593,5.4863063084277925,1.0585046048135118,-1.135171601670267,0.5000011072789481,15.214133976290164,,9.670078101742885e-08,6.62147791009806,,
263,hit condition,10000000,-1,0.774300575274516,0.0,-0.39898468824856687,0.0,16.157231815551295,15.382931240279719,-15.969536248669613,15.570551560421027,2.0058459062501656e-14,7.524674037640011e-05,NOT IMPORTANT,2.0121125475401065e-28,0.18762032014130803,3.77711657506552e-08,1.1944287443522947e-08
264,loss-abort,10000,-1,1.1527824508107183,0.0,0.9581639127027716,0.0,7.245276091728197,6.092493640917484,0.12068685777451361,-0.8374770549282582,0.5000008062137644,14.295933645348452,,4.93024922524671e-08,6.929970695845742,,
265,loss-abort,10000,-1,-2.1922043836260863,0.0,0.09340633499216112,0.0,-0.8393525998172595,-1.3528517838088254,-0.20686904551754964,-0.3002753805097102,1.0,2.0987980486339244,,7.465167422793183e-06,1.0525764032991152,,
266,loss-abort,10000,-1,-1.9823472857378182,0.0,-0.651175148258603,0.0,-0.9132023244364162,-1.0691449613014004,-6.242682069304442,5.591506921045827,0.5000036261605437,13.816536276088085,,1.0353204091922272e-06,6.660651882347228,,
267,loss-abort,10000,-1,0.04464469771210844,0.0,2.4329657479797833,0.0,5.411637861703613,5.3669931639915065,1.190926917251837,-1.2420388307279469,0.5000104200553864,13.211596773674902,,8.575505778636073e-06,6.609031994719453,,
268,loss-abort,10000,-1,-2.993176277649133,0.0,-0.5040353883172228,0.0,-1.4847550892387,-1.5084211884104335,-5.591321157700806,5.087285769383596,0.5000115162196994,13.671783204733536,,1.0491905885822922e-05,6.595706957794029,,
269,loss-abort,10000,-1,0.9651841865566815,0.0,0.9438008553155649,0.0,7.064416492785309,6.099232306228624,0.1063237951450151,-0.8374770601705497,0.5000009595552131,14.107449654329496,,6.978465675489145e-08,6.936709366399173,,
270,hit condition,10000000,-1,1.2034865353082667,0.0,-1.4052528518809022,0.0,16.37186781563965,15.168381280332003,-16.4727711969776,15.067518345093115,2.0055573117356272e-14,4.044609906195262e-05,NOT IMPORTANT,2.0115335327645258e-28,0.10086293523888834,2.029959311755647e-08,6.419295388554848e-09
271,loss-abort,10000,-1,-0.18275037106935696,0.0,-0.6541618382486071,0.0,0.23698959738935085,-0.41973996845870726,-7.049734098175889,6.395572259927277,0.5000007240151361,13.62805672917252,,3.1109224505798766e-08,6.8153122283859835,,
272,hit condition,10000000,-1,1.8529998213905325,0.0,-0.19486701959693237,0.0,16.69668955648411,14.843689735095001,-15.867456951469096,15.672589931872155,2.0056701178167756e-14,0.00033240823785973816,NOT IMPORTANT,2.0117600105727756e-28,0.8289001967771537,1.6684266768152156e-07,5.276028732473241e-08
273,loss-abort,10000,-1,0.025543642145362963,0.0,0.270180657282841,0.0,6.398440786111619,6.372897143966256,-0.23679371637367239,-0.5069743736565127,0.500001420523474,13.041518587360716,,1.2570808758926396e-07,6.879871517622768,,
274,loss-abort,10000,-1,-1.851840724902213,0.0,0.7319946455725178,0.0,-0.5962595301103052,-1.2555811947919062,-0.08723446998540106,-0.8192291155579192,1.0,1.1198460793296932,,3.7235752814654724e-06,0.436352079233987,,
275,loss-abort,10000,-1,-1.5632506942686737,0.0,0.25902196947066763,0.0,-0.4118770737788199,-1.151373620489854,-0.25503624362192734,-0.5140582130925958,1.0,1.3042287247980053,,2.0238968072521598e-06,0.6373154073972581,,
276,loss-abort,10000,-1,-1.025979234788931,0.0,1.6946305565231223,0.0,-0.08184276989171807,-0.9441364648972125,0.4983407470043086,-1.1962898095188153,1.0,0.6686513217341934,,2.7395478090945537e-06,0.25215334462160277,,
277,loss-abort,10000,-1,0.05359823686013163,0.0,2.7307691963718845,0.0,5.271927998544601,5.218329761684464,1.3488577423725652,-1.381911453999319,0.5000139030135274,13.221026956600948,,1.528161890434844e-05,6.600241215683782,,
278,loss-abort,10000,-1,-3.159355373833725,0.0,1.940779765825153,0.0,-1.481793097370067,-1.677562276463657,0.6672369070626639,-1.273542858762488,1.0,1.2185756080085721,,5.326619247583648e-05,0.4040194177011691,,
279,loss-abort,10000,-1,1.2162114539636546,0.0,0.41370417914549185,0.0,7.542435025364086,6.326223571400414,-0.2200427933856909,-0.6337469725311824,0.500000474119813,14.282362775909993,,1.5162277688363668e-08,6.959970543931596,,
280,hit condition,10000000,-1,3.1214694087869694,0.0,-2.0195844334454294,0.0,17.33105145835815,14.209582049576705,-16.7799985571592,14.76041412371752,2.0050484270448474e-14,0.0002208270581363081,NOT IMPORTANT,2.010512828841125e-28,0.5508320741408159,1.1080331141499755e-07,3.503907683962811e-08
281,loss-abort,10000,-1,0.3006375051144741,0.0,1.7638290791204194,0.0,6.000628460927179,5.699990955812701,0.7431729289981588,-1.0206561501222595,0.5000041443417106,13.4644484958603,,1.3489367618417868e-06,6.72064710593496,,
282,hit condition,10000000,-1,0.8587069934231918,0.0,-0.5353244332578047,0.0,16.199443485518945,15.340736492097205,-16.037719788817753,15.502395355561006,2.0058015199409237e-14,6.483323738848412e-05,NOT IMPORTANT,2.012023487428436e-28,0.16165886346380098,3.254333158508871e-08,1.029110667408628e-08
283,hit condition,10000000,-1,0.9163416186780907,0.0,-0.5872120861405614,0.0,16.228266575354347,15.3119249566781,-16.06366881673875,15.47645673060038,2.0057794990298246e-14,6.598469331287049e-05,NOT IMPORTANT,2.0119793050266635e-28,0.16453177392228113,3.31209228932039e-08,1.0473758572904322e-08
284,loss-abort,10000,-1,-0.48188916155929457,0.0,-0.9362375911199459,0.0,0.1518578260061535,-0.6337469875654479,-7.237176261698449,6.300938670578511,0.5000006598441852,14.020004093836256,,2.970153006246982e-08,6.934685658143959,,
285,loss-abort,10000,-1,1.4909485462135574,0.0,0.44143608244334426,0.0,7.806969030490977,6.3160204842774395,-0.19231087576063904,-0.6337469582039823,0.5000003676491702,14.56442559721176,,9.159148540785939e-09,6.949767442481422,,
286,loss-abort,10000,-1,3.5587792145746473,0.0,1.1977635816675012,0.0,9.536647416817685,5.977868202243034,0.2917294582469597,-0.9060341234205419,0.5000000914326868,16.712279200728222,,6.457556918890115e-10,6.883902325663576,,
287,loss-abort,10000,-1,-2.0978637851530384,0.0,1.1349958298435694,0.0,-0.774859617937831,-1.3230041672152069,0.12174133618667472,-1.0132544936568921,1.0,0.962867955309471,,6.2044017097714696e-06,0.30974967355831473,,
288,loss-abort,10000,-1,-1.5398009369519081,0.0,-0.3905644437764159,0.0,-0.5630305219735342,-0.9767704149783737,-6.201294114994632,5.8107296712182155,0.5000030353890108,13.551824723164756,,7.206931127121331e-07,6.787500086196589,,
289,hit condition,10000000,-1,0.19959513480251864,0.0,-1.5420316974930208,0.0,15.86982148307345,15.670226348270912,-16.54117432866479,14.999142631169674,2.0057316669859637e-14,0.000269128490105075,NOT IMPORTANT,2.011883439509542e-28,0.6710837171012383,1.3508532425987596e-07,4.27177293364161e-08
290,loss-abort,10000,-1,-0.7147558492393691,0.0,-0.952956109885111,0.0,0.04312918144561593,-0.757885030684985,-7.1567998600517795,6.203843750166669,0.5000007879818418,14.075399459457817,,4.547673106381701e-08,6.961728780851654,,
291,hit condition,10000000,-1,0.19928232075177343,0.0,-0.10396833629897699,0.0,15.869665044688015,15.670382723936273,-15.82199849691943,15.718030160620462,2.0060208611854344e-14,1.9111084395007083e-05,NOT IMPORTANT,2.0124635931290647e-28,0.047647436684188804,9.59390611399158e-09,3.0338575248708198e-09
292,loss-abort,10000,-1,-0.14732998276133685,0.0,2.4131027586436717,0.0,0.27474603767236816,-0.4220760204337049,0.994062361939588,-1.4190403967040832,1.0,2.2657727758823345,,1.1714179207125978e-05,0.9969643762703784,,
293,loss-abort,10000,-1,0.7671431392266306,0.0,0.6123348013099114,0.0,7.015206505278762,6.248063366052118,-0.11048024501504466,-0.722815046324956,0.5000008685705245,13.87560467264079,,5.4093164476724244e-08,6.970878412377074,,
294,loss-abort,10000,-1,1.5518152052513194,0.0,2.6336632756907736,0.0,6.818627931882067,5.266812726630756,1.2978652868972687,-1.3357979887935045,0.5000028205241004,14.719103934203597,,6.28760674541873e-07,6.602610715424261,,
295,hit condition,10000000,-1,1.9774174255250827,0.0,-1.4920603585989174,0.0,16.75891082739039,14.781493401871039,-16.516183650803313,15.024123292200574,2.0053843075243784e-14,9.728625754235054e-05,NOT IMPORTANT,2.0111864852673794e-28,0.2426298903295354,4.8823020293298214e-08,1.543919166943363e-08
296,loss-abort,10000,-1,0.746887947101968,0.0,1.0943710903038555,0.0,6.7746926818515165,6.02780473474953,0.2186913018202235,-0.8756797884836317,0.5000013769431876,13.896868506904902,,1.4552492013112118e-07,6.903484523233162,,
297,hit condition,10000000,-1,1.3628682707642334,0.0,-0.19954712695564475,0.0,16.45157465827671,15.088706387508942,-15.869797474337867,15.670250347382254,2.005767689411659e-14,0.00023322406553027974,NOT IMPORTANT,2.011955686004829e-28,0.5815439598733114,1.1706568159297603e-07,3.7019415057167305e-08
298,hit condition,10000000,-1,0.10181159428907341,0.0,-1.253202383404858,0.0,15.820919909692623,15.719108315403538,-16.39673072278918,15.14352833938283,2.0058093897159575e-14,0.0002308370758470346,NOT IMPORTANT,2.0120393515040022e-28,0.575579976020709,1.158698612613307e-07,3.664125507963186e-08
299,loss-abort,10000,-1,-0.5212048340940557,0.0,-1.649552097099507,0.0,0.16069100076099266,-0.6818958348550483,-7.934933954545822,6.285381857446313,0.5000003335533573,14.74152064608619,,7.773706468574005e-09,6.967277692301361,,
300,hit condition,10000000,-1,1.8017172045214167,0.0,-0.7346428501238,0.0,16.671043108539386,14.86932590401168,-16.137398977642405,15.402756127519488,2.0055718835257406e-14,0.0002139073891740395,NOT IMPORTANT,2.0115628328074074e-28,0.5334302235078088,1.0735927880034524e-07,3.3949980511048187e-08
301,loss-abort,10000,-1,-1.3190129806678017,0.0,0.4176704866713065,0.0,-0.24534345357841014,-1.0736695270893906,-0.23963087504976222,-0.6573013617210688,1.0,0.901342493996494,,1.2095696898959238e-06,0.4163681653683218,,
302,hit condition,10000000,-1,0.1510115448141487,0.0,-0.9705138164363187,0.0,15.845524817438392,15.694513272624253,-16.255358104310044,15.284844287876354,2.0058563246467686e-14,0.00016430212375340147,NOT IMPORTANT,2.012133483785235e-28,0.40966898474789915,8.247430294261449e-08,2.6080663965622816e-08
303,hit condition,10000000,-1,0.532652772319256,0.0,-0.8855673322784048,0.0,16.036383690528034,15.50373091820913,-16.21287634739443,15.327309015116814,2.0057966568280678e-14,7.075377408227723e-05,NOT IMPORTANT,2.0120137312767502e-28,0.1764219030923151,3.5515155261123255e-08,1.1230890492331154e-08
304,hit condition,10000000,-1,0.7212046984403286,0.0,-0.03819198330878958,0.0,16.130678554738875,15.409473856295886,-15.789103726020285,15.750911742711482,2.0059291389761854e-14,0.00013694230299421406,NOT IMPORTANT,2.0122795730441722e-28,0.341437886415596,6.874304148141164e-08,2.173845827181456e-08
305,hit condition,10000000,-1,0.30744980930233734,0.0,-0.5388981528496624,0.0,15.923759632891151,15.61630982358883,-16.039507006865218,15.500608854014377,2.0059116456021973e-14,4.6404399611787994e-05,NOT IMPORTANT,2.0122444471066828e-28,0.11570096957445308,2.3294191464628966e-08,7.366272917545998e-09
306,loss-abort,10000,-1,-0.9467416365079258,0.0,0.3607207288705788,0.0,-0.04106570461444793,-0.9056759318934777,-0.22994460141584872,-0.5906653302864273,1.0,0.586020907637347,,5.226268784954232e-07,0.3150106016070504,,
307,loss-abort,10000,-1,-2.221965378810994,0.0,1.9583182285364797,0.0,-0.8549864604730565,-1.366978918337937,0.6847753696901979,-1.2735428588462812,1.0,0.2636471502745146,,9.180706183348047e-06,0.0934360594916559,,
308,loss-abort,10000,-1,-0.6444442466652669,0.0,2.9368655760916744,0.0,0.12584778460325752,-0.7702920312685261,1.3464806477294329,-1.5903849283622415,1.0,2.2924213294264058,,3.386879987516899e-05,0.8200928970937155,,
309,hit condition,10000000,-1,0.9500644583664513,0.0,-0.1314900654121784,0.0,16.245131375495667,15.295066917126642,-15.83576212063868,15.70427205522648,2.0058643618747775e-14,0.0001641167571460045,NOT IMPORTANT,2.0121496101032055e-28,0.40920513809983916,8.238171389507443e-08,2.6051390551998803e-08
310,loss-abort,10000,-1,-0.8526216939170547,0.0,0.7342746322947105,0.0,0.011557735504075253,-0.8641794294211292,-0.08495448329075157,-0.8192291155854627,1.0,0.11834706162234288,,5.123082191948487e-07,0.0449503138356665,,
311,loss-abort,10000,-1,0.654462790110934,0.0,0.6097135950614094,0.0,6.903633486410497,6.249170696299561,-0.1131014543043884,-0.722815049365798,0.5000009700178503,13.762517777771466,,6.744582504279963e-08,6.971985745665359,,
312,loss-abort,10000,-1,1.1873864670760736,0.0,0.17077781364767008,0.0,7.585437751405216,6.398051284329143,-0.24896213380058188,-0.419739947448252,0.5000004226860144,14.154266849382028,,1.058612280186393e-08,6.817791231777395,,
313,hit condition,10000000,-1,1.619328888326792,0.0,-1.0849179209441038,0.0,16.579830671151647,14.9605017828221,-16.31257162393426,15.227653702992562,2.0055381182447697e-14,0.00010712704692394937,NOT IMPORTANT,2.0114950425673048e-28,0.26715192017046263,5.376582201677138e-08,1.7002254061212067e-08
314,loss-abort,10000,-1,-0.287705328101411,0.0,0.8761272583762512,0.0,0.22635288540575701,-0.5140582135071682,-0.02954867274983023,-0.9056759311260816,1.0,0.5884219302748401,,4.509836177716256e-07,0.3916177176189134,,
315,loss-abort,10000,-1,-1.1031305493459236,0.0,0.061375289879331135,0.0,-0.12322946672725262,-0.9799010826186703,-0.23890009015457458,-0.3002753800339052,1.0,1.0417552594665924,,7.414802185241272e-07,0.6796257025847651,,
316,loss-abort,10000,-1,2.170807235714396,0.0,0.1494885842067231,0.0,8.57315533250367,6.402348096789271,-0.27025127669886406,-0.41973986090558724,0.5000001567442078,15.124992013499664,,1.4515363849769778e-09,6.822087957694858,,
317,loss-abort,10000,-1,-0.6640005547217158,0.0,1.597179843118839,0.0,0.10629147679161217,-0.7702920315133276,0.4227423656911465,-1.1744374774276933,1.0,0.9331792883971244,,2.196004958635264e-06,0.40414544591436574,,
318,loss-abort,10000,-1,-1.6065131062290472,0.0,-0.4689276782769712,0.0,-0.6154532974560589,-0.9910598087729884,-6.246747154437253,5.777819476160271,0.5000029975543718,13.631079736826571,,7.038695459032358e-07,6.768879284933259,,
319,hit condition,10000000,-1,1.5073444934894749,0.0,-1.0890281575109382,0.0,16.523827250112983,15.016482756626996,-16.31462715420763,15.2255989966936,2.0055598003832367e-14,8.385583874748193e-05,NOT IMPORTANT,2.0115385335378852e-28,0.20911624006660468,4.208667192528992e-08,1.3308974815079518e-08
320,hit condition,10000000,-1,0.36456317389367127,0.0,-0.09877680370519404,0.0,15.95232204078068,15.58775886688702,-15.819402210149255,15.720625406444078,2.0059886673383603e-14,5.329107436757852e-05,NOT IMPORTANT,2.0123989964142448e-28,0.13286653955705852,2.675211518976539e-08,8.459761904742003e-09
321,hit condition,10000000,-1,2.21658439590693,0.0,-2.010850352979989,0.0,16.87851828045574,14.661933884544837,-16.775630641635132,14.764780288658653,2.005231979334563e-14,4.123470679218144e-05,NOT IMPORTANT,2.0108809166731918e-28,0.10284640411381574,2.0692084490292473e-08,6.543414515927401e-09
322,loss-abort,10000,-1,-0.7657404511715992,0.0,-0.459546100025855,0.0,0.022418055345336915,-0.7881585065169352,-6.6406977058290595,6.181151605803207,0.5000013505529022,13.587589762803866,,1.3521770345352846e-07,6.969310112320143,,
323,loss-abort,10000,-1,0.5285933111538397,0.0,0.7805622011245755,0.0,6.703058523946104,6.174465212792257,-0.007596304312332979,-0.7881585054369076,0.5000012774164512,13.658085937862936,,1.2112059048631773e-07,6.962623718229165,,
324,loss-abort,10000,-1,0.5988248418757532,0.0,2.006964933455886,0.0,6.178090114023469,5.579265272147694,0.9303535280942967,-1.0766114053615903,0.5000039157543436,13.76432031962705,,1.2075881118826687e-06,6.655876677509284,,
325,hit condition,10000000,-1,0.9503147787306634,0.0,-1.8114667755435412,0.0,16.245256560768656,15.294941782035753,-16.675918871148667,14.864452095603488,2.0055265622919267e-14,0.00017262394774597567,NOT IMPORTANT,2.0114718874044561e-28,0.4304896864322654,8.663728578994778e-08,2.7397110232463874e-08
326,loss-abort,10000,-1,-2.0436478966330855,0.0,-0.7601136894678852,0.0,-0.9563202237603213,-1.0873276728727637,-6.321130386343187,5.561016696875308,0.5000034563609747,13.92579497985158,,9.411756319068506e-07,6.648344369748072,,
327,loss-abort,10000,-1,-0.7433446259844707,0.0,-0.617691361791853,0.0,0.04481387669739654,-0.7881585026818669,-6.808914174558466,6.191222812766614,0.5000011300098959,13.74348161330955,,9.447825984915664e-08,6.979381315448481,,
328,hit condition,10000000,-1,1.4830891685737284,0.0,-0.8926695245518569,0.0,16.511697156638288,15.028607988066485,-16.216428155445676,15.323758630893261,2.0056041521657398e-14,0.00011835836583706794,NOT IMPORTANT,2.0116275219734912e-28,0.2951506428267763,5.94046110080626e-08,1.8785391743725326e-08
329,loss-abort,10000,-1,1.5685023330090784,0.0,1.6245035692442062,0.0,7.337428466345293,5.768926133336216,0.6334437777934206,-0.9910597914507854,0.5000010161376047,14.730858168925716,,8.089896360128635e-08,6.759985924787002,,
330,hit condition,10000000,-1,0.04409045809823651,0.0,-0.737106377247359,0.0,15.79205355476957,15.747963096671334,-16.13863098814967,15.401524610903216,2.005924755435107e-14,0.00013894761198329775,NOT IMPORTANT,2.0122707781692544e-28,0.3464384857681182,6.974956257010945e-08,2.2056746357141816e-08
331,hit condition,10000000,-1,1.8216074826712298,0.0,-1.1960069079229863,0.0,16.68099024100852,14.859382758338475,-16.368127252251046,15.172120344325325,2.005475131337938e-14,0.00012540277062100813,NOT IMPORTANT,2.0113686903039444e-28,0.3127375859868504,6.293612209162802e-08,1.9902145374470667e-08
332,loss-abort,10000,-1,0.6773047871773672,0.0,0.3854542591568694,0.0,7.013644726210769,6.33633993903341,-0.19098624342897147,-0.5764405025858402,0.5000007964258188,13.735438924401047,,4.156882103335557e-08,6.91278044161925,,
333,loss-abort,10000,-1,1.8349377832449203,0.0,0.507497567987606,0.0,8.125765889041162,6.290828105796235,-0.17439825048558225,-0.6818958184731891,0.5000002741086776,14.924091562825003,,5.239119181600847e-09,6.972723924269424,,
334,loss-abort,10000,-1,2.0449001075451556,0.0,0.14468131597975983,0.0,8.448224873543413,6.403324765998277,-0.2750585604982693,-0.4197398764780292,0.5000001774287317,14.996230955521451,,1.8588751559202508e-09,6.823064642476306,,
335,loss-abort,10000,-1,0.4620982098570545,0.0,1.6072005316303772,0.0,6.23957826229173,5.777480052434692,0.6161407227908438,-0.9910598088395339,0.500003020145662,13.6242588463568,,7.145251367533531e-07,6.768539861274226,,
336,loss-abort,10000,-1,1.1656569526668399,0.0,0.8187681490952907,0.0,7.322810883167906,6.15715393050108,0.03060966043820918,-0.7881584886570806,0.5000006993517557,14.298732962764275,,3.641557598191614e-08,6.94531241915816,,
337,loss-abort,10000,-1,-0.5362281819507798,0.0,-1.4409047939409687,0.0,0.14566766780824916,-0.6818958497590293,-7.72028699872025,6.279382204779254,0.5000004159019157,14.535897385450284,,1.2112545677543193e-08,6.961278054538283,,
338,hit condition,10000000,-1,0.5319831547394366,0.0,-0.7240200817898639,0.0,16.036048814610286,15.504065659871582,-16.132086528631053,15.40806644684181,2.0058292717607994e-14,3.8500990994450035e-05,NOT IMPORTANT,2.0120791651036712e-28,0.09599921302977243,1.9325987921092747e-08,6.1114155545223505e-09
339,loss-abort,10000,-1,1.1698867660566745,0.0,0.29875890554504886,0.0,7.534633455696469,6.364746689639788,-0.2776815744037108,-0.5764404799487592,0.5000004597755847,14.198139050881306,,1.36396284040602e-08,6.941187169588547,,
340,loss-abort,10000,-1,-1.0540053800820588,0.0,0.3786206976998703,0.0,-0.07410429794131118,-0.9799010821407468,-0.21204463283864866,-0.5906653305385191,1.0,0.6753846823821875,,6.798600486467956e-07,0.3892357516022277,,
341,loss-abort,10000,-1,1.0029326456386618,0.0,0.2510513560391552,0.0,7.381100406832376,6.378167761193713,-0.2559229909493211,-0.5069743469884759,0.500000528927033,14.010319524065245,,1.7370389606112902e-08,6.885142108182189,,
342,loss-abort,10000,-1,-1.1067198318108387,0.0,0.37098922914146987,0.0,-0.12681874915816058,-0.9799010826526778,-0.21967610129012405,-0.5906653304315937,1.0,0.7357306026693687,,7.535621755898871e-07,0.3892357522210841,,
343,loss-abort,10000,-1,0.5048766526071902,0.0,1.1657183863988156,0.0,6.498373113594143,5.99349646098696,0.2740383139585506,-0.8916800724402656,0.5000018785379776,13.65758796097992,,2.7206306510992335e-07,6.8851765334272255,,
344,hit condition,10000000,-1,1.021110873024874,0.0,-1.28447009296614,0.0,16.280661704264826,15.259550831243352,-16.412367711557685,15.127897618585935,2.00561825420631e-14,5.279463544205498e-05,NOT IMPORTANT,2.011655796761779e-28,0.13165321265741703,2.6498044647382812e-08,8.37941932375917e-09
345,loss-abort,10000,-1,-0.7039550029030734,0.0,0.8566077204590333,0.0,0.11527411231093129,-0.8192291152140047,-0.007571709006408215,-0.8641794294654415,1.0,0.15265271755595988,,5.042862572180047e-07,0.04495031425143681,,
346,loss-abort,10000,-1,-2.400880103618157,0.0,1.099167525558378,0.0,-0.9818397069526437,-1.419040396665512,0.11926644297739736,-0.9799010825809805,1.0,1.3017125780597776,,1.145486176035858e-05,0.43913931408453155,,
347,loss-abort,10000,-1,-1.187161417015934,0.0,-0.5964808358600103,0.0,-0.28112701419472425,-0.9060344028212096,-6.579610510550308,5.983129674690283,0.5000017500129574,13.749901602256525,,2.3661102400004805e-07,6.889164077511492,,
348,hit condition,10000000,-1,2.0411909101298487,0.0,-0.09119257450577359,0.0,16.790803960804837,14.74961305067083,-15.81560933519544,15.724416760689683,2.005653148053604e-14,0.000390915590545049,NOT IMPORTANT,2.0117260285922465e-28,0.974803710018854,1.9620695290711865e-07,6.204608127443074e-08
349,loss-abort,10000,-1,-0.42692158117109597,0.0,0.3979782271427001,0.0,0.23037978068153958,-0.6573013618526355,-0.2593231342942233,-0.6573013614369236,1.0,0.02894335402839565,,1.8060134890752223e-07,4.157119093406436e-10,,
350,loss-abort,10000,-1,-0.13285815238779095,0.0,-0.8851690263018877,0.0,0.2868818066714637,-0.41973995905925465,-7.290898850970133,6.405729824668264,0.500000563118441,13.829486828026187,,1.8700677277111927e-08,6.825469783727519,,
351,loss-abort,10000,-1,0.35335192932315485,0.0,3.0219337316273522,0.0,5.4262766148015125,5.072924685478357,1.4989072272108728,-1.5230265044164784,0.5000137792257447,13.521135031907221,,1.5021570245452945e-05,6.595951189894835,,
352,loss-abort,10000,-1,1.3005542588540777,0.0,0.6192922275252523,0.0,7.545668769441905,6.245114510587834,-0.10352279858211193,-0.7228150261073646,0.5000005125177663,14.410075507554991,,1.8849517772573323e-08,6.967929536695199,,
353,loss-abort,10000,-1,0.3638548137223854,0.0,1.1282441223945185,0.0,6.375397819972919,6.011543006250541,0.23656404854633417,-0.8916800738481835,0.5000020863634016,13.515184948617978,,3.351523975993003e-07,6.903223080098725,,
354,hit condition,10000000,-1,0.8825939000838404,0.0,-1.2116071008298972,0.0,16.211389333244462,15.328795433163032,-16.37592891234229,15.164321811511366,2.0056607494768874e-14,6.595744616255672e-05,NOT IMPORTANT,2.0117410549657532e-28,0.16447362165166624,3.310526786037826e-08,1.0468804646824762e-08
355,loss-abort,10000,-1,0.7170882661466653,0.0,0.07387557704096223,0.0,7.132273759443056,6.415185493296398,-0.22639978755192725,-0.300275364592889,0.5000006537071078,13.621334829780416,,2.4304164135079487e-08,6.715460857889287,,
356,hit condition,10000000,-1,2.426587790834059,0.0,-0.29850658834832694,0.0,16.983541022225133,14.556953231387284,-15.919287125854241,15.620780537505917,2.005534013467731e-14,0.0004265902522568865,NOT IMPORTANT,2.0114870651035795e-28,1.0638273061186325,2.1409994133136934e-07,6.770434247128079e-08
357,hit condition,10000000,-1,1.7702585112413545,0.0,-1.6343851762129051,0.0,16.65531060909486,14.885052097855352,-16.58736032408829,14.952975147874325,2.0053973337126907e-14,2.7234987596713722e-05,NOT IMPORTANT,2.0112126025659118e-28,0.06792305001897248,1.3668055132143309e-08,4.322232551419134e-09
358,hit condition,10000000,-1,0.44252534871911675,0.0,-1.0061291882515484,0.0,15.991310943762597,15.548785595043489,-16.27316936017574,15.267040171925343,2.005790541445788e-14,0.0001129932949961443,NOT IMPORTANT,2.0120014731051426e-28,0.28174542311814577,5.671711811316982e-08,1.7935529638537483e-08
359,loss-abort,10000,-1,-1.2408010075483893,0.0,1.1106140482359024,0.0,-0.1963608457352941,-1.0444401618130927,0.13071296554646578,-0.9799010826894363,1.0,0.1301869593124847,,1.262523656614489e-06,0.06453907912365642,,
360,loss-abort,10000,-1,-1.3903738823794147,0.0,-0.1953164953411096,0.0,-0.43901627325718684,-0.9513576091222274,-6.079483449283473,5.884166953942372,0.5000031858303905,13.35402428560526,,7.908813564634876e-07,6.835524563064599,,
361,loss-abort,10000,-1,-0.9927552738486711,0.0,0.5599166605039178,0.0,-0.04861880928875199,-0.9441364645599196,-0.1567380848469215,-0.7166547453508392,1.0,0.43283861334475393,,6.100362352842686e-07,0.22748171920908045,,
362,hit condition,10000000,-1,0.3926120895046978,0.0,-3.061462773756153,0.0,15.966349310453797,15.573737220949091,-17.30104212857145,14.239579354818678,2.0053875428631804e-14,0.000534951987239296,NOT IMPORTANT,2.0111933928207835e-28,1.334157866130413,2.684657491869302e-07,8.489632469270917e-08
363,hit condition,10000000,-1,0.9917705296148432,0.0,-0.8618050521368001,0.0,16.265988591602103,15.274218061985842,-16.200992825422446,15.339187773286575,2.0057091236354565e-14,2.605487892282099e-05,NOT IMPORTANT,2.0118381019473263e-28,0.06496971130073348,1.3077801952476875e-08,4.135571151842035e-09
364,loss-abort,10000,-1,2.8394640093106784,0.0,1.250507399786686,0.0,8.791828775680433,5.952364766369761,0.33151691962770286,-0.9189904801589828,0.5000001975368431,15.994700941836879,,3.0230937283974617e-09,6.8713552465287435,,
365,hit condition,10000000,-1,1.3529095284300219,0.0,-3.3270127961340537,0.0,16.446594288953392,15.093684760526212,-17.43384374555978,14.106830949427065,2.005141133893105e-14,0.0003956455072415821,NOT IMPORTANT,2.0106989333601444e-28,0.9868538110991469,1.985302393592292e-07,6.278077056767085e-08
366,loss-abort,10000,-1,2.4801244191492526,0.0,0.09486984290052834,0.0,8.892754883910152,6.4126304647609285,-0.20540537790499128,-0.30027522080551905,0.500000112700438,15.400255191571608,,7.229008132019384e-10,6.712905685566447,,
367,loss-abort,10000,-1,-1.8389482063619387,0.0,0.46984922909770094,0.0,-0.6021768361584829,-1.2367713702034564,-0.18745213334976474,-0.657301362447465,1.0,1.369098977264239,,3.603187004554752e-06,0.5794700077559914,,
368,hit condition,10000000,-1,1.8366324536093905,0.0,-2.1811611809686697,0.0,16.688504232271416,14.851871778660868,-16.860803123154405,14.679641942190012,2.005274109485174e-14,6.905441213156394e-05,NOT IMPORTANT,2.0109654283360975e-28,0.17222983647085677,3.465300579819086e-08,1.0958240843728118e-08
369,hit condition,10000000,-1,1.5120081539736596,0.0,-0.4160443635803774,0.0,16.52615954777634,15.014151393806653,-15.978067796533459,15.562023432953094,2.005694174264631e-14,0.00021971209644178202,NOT IMPORTANT,2.0118081807776603e-28,0.5478720391464407,1.1027939805785536e-07,3.487340864772305e-08
370,loss-abort,10000,-1,-0.7510069596333794,0.0,-0.5514296711493971,0.0,0.03715154470289942,-0.7881585043362779,-6.739210992856858,6.187781321707468,0.5000012157620269,13.677999274197704,,1.0943487644982139e-07,6.975939826043746,,
371,loss-abort,10000,-1,-1.1117564326763454,0.0,0.31018370914064514,0.0,-0.13185534997615223,-0.9799010827001928,-0.28048162040920804,-0.5906653295498533,1.0,0.8015727235356999,,7.59568803508316e-07,0.38923575315033954,,
372,loss-abort,10000,-1,0.37786014865152073,0.0,1.4718832444930467,0.0,6.222022695625411,5.844162546973882,0.5114235122587684,-0.9604597322342786,0.5000028753607217,13.538068487092339,,6.455200396431379e-07,6.804622279208161,,
373,hit condition,10000000,-1,1.9673438213168004,0.0,-0.4136809376991803,0.0,16.75387301574605,14.786529194432994,-15.976885846665265,15.56320490896611,2.0056031353067424e-14,0.00031145454766701164,NOT IMPORTANT,2.0116256071936038e-28,0.7766757145331162,1.563203788634837e-07,4.943284858324261e-08
374,hit condition,10000000,-1,1.5186893439021056,0.0,-1.5764838540098887,0.0,16.529500812364333,15.010811468469209,-16.558403859884784,14.981920005874832,2.0054595342492343e-14,1.1584926076224633e-05,NOT IMPORTANT,2.0113373779120988e-28,0.028891462594376804,5.814115411340026e-09,1.8385836249747784e-09
375,hit condition,10000000,-1,0.9091101709140034,0.0,-1.4876988467936119,0.0,16.224650126605177,15.315539955694334,-16.514002457758043,15.0263036109663,2.0055999202260054e-14,0.00011598642483257038,NOT IMPORTANT,2.011619030993183e-28,0.2892363447280335,5.82138959259737e-08,1.8408843373341537e-08
376,loss-abort,10000,-1,-0.749342477370933,0.0,0.8616143499957886,0.0,0.0698866383949835,-0.8192291157659167,-0.002565079525061062,-0.8641794295208487,1.0,0.1122718726248545,,5.239218537628272e-07,0.04495031375493197,,
377,loss-abort,10000,-1,-0.9924691167445339,0.0,0.7015864904074162,0.0,-0.04833265218756853,-0.9441364645569655,-0.11764262477709371,-0.8192291151845102,1.0,0.2908826263371175,,6.473796954692311e-07,0.12490734937245529,,
378,loss-abort,10000,-1,-1.9834848360281114,0.0,-0.9560023610542913,0.0,-0.9143398772543266,-1.069144958773782,-6.546942436669534,5.590940075615245,0.5000026764220996,14.121367348312889,,5.640148663085511e-07,6.660085034389027,,
379,loss-abort,10000,-1,0.7564627717307181,0.0,2.0872499450573594,0.0,6.295780208336734,5.539317436606013,0.9896842215662973,-1.097565723491063,0.5000036228671128,13.922347590000108,,1.0343847226503556e-06,6.636883160097076,,
380,loss-abort,10000,-1,-1.5725130616957912,0.0,2.1864764054640884,0.0,-0.42113944114449253,-1.1513736205513003,0.8336246216773493,-1.3528517837867375,1.0,0.6139633437682941,,7.66238541735634e-06,0.2014781632354372,,
381,loss-abort,10000,-1,0.3793145323430317,0.0,3.127362822913557,0.0,5.399591366563409,5.020276834220392,1.5526867614050974,-1.5746760615084596,0.500014916905642,13.547231023697357,,1.7609203449392123e-05,6.594952895728852,,
382,loss-abort,10000,-1,-0.4009504677230213,0.0,-0.6802144092500084,0.0,0.2327965256406509,-0.6337469933636724,-7.011094506675972,6.3308800974259665,0.5000008028308565,13.74292507182496,,4.3383029736814755e-08,6.964627090789639,,
383,hit condition,10000000,-1,0.46071849546089927,0.0,-1.4707364998772332,0.0,16.000409340946387,15.539690845485463,-16.50551958422692,15.034783084348463,2.0056934865560556e-14,0.00020248214353379979,NOT IMPORTANT,2.0118067900506759e-28,0.5049077611369999,1.0163116037631426e-07,3.213859024558042e-08
384,hit condition,10000000,-1,0.1866773270982993,0.0,-0.0746066464268982,0.0,15.86336128418089,15.676683957082613,-15.807314708339819,15.732708061912927,2.0060293012178658e-14,2.2471010757030285e-05,NOT IMPORTANT,2.0124805293533658e-28,0.05602410483031406,1.1280771872179685e-08,3.5672948539978196e-09
385,loss-abort,10000,-1,1.8326380535088425,0.0,0.482052369595982,0.0,8.133487290530041,6.300849237021179,-0.15169456561071448,-0.6337469352066966,0.5000002692881858,14.916388897147202,,4.946448742316301e-09,6.9345961722278755,,
386,loss-abort,10000,-1,-1.7101844281873382,0.0,-1.7888627232992826,0.0,-0.7005130441326852,-1.0096713840546516,-7.515413034182434,5.72655031088317,0.5000008872753046,14.952147773252943,,6.17768460951492e-08,6.7362216949378215,,
387,loss-abort,10000,-1,-1.3050041345931473,0.0,-2.8214904165920305,0.0,-0.37425020341287,-0.9307539311802768,-8.74733055836082,5.925840141768842,0.5000002120766903,15.978174834722811,,3.4926331541517328e-09,6.856594072949119,,
388,loss-abort,10000,-1,-2.9411888348864945,0.0,2.9201999420933116,0.0,-1.3508039065159165,-1.5903849283705775,1.3384225204273137,-1.5817774216659997,1.0,0.020988892793180725,,4.731829027537144e-05,0.008607506704577883,,
389,loss-abort,10000,-1,-1.1347359959351686,0.0,1.7846511195043362,0.0,-0.12148150228071977,-1.0132544936544468,0.5478797495944564,-1.2367713699098781,1.0,0.6499151235691679,,3.32891337130639e-06,0.22351687625543137,,
390,loss-abort,10000,-1,-1.0109702246792658,0.0,-0.5478847879851317,0.0,-0.1532366594559525,-0.8577335652233129,-6.615443714475447,6.0675589264903165,0.5000015517149465,13.69397286564503,,1.8370487150816783e-07,6.92529249171363,,
391,loss-abort,10000,-1,-2.3447231318238475,0.0,1.757191804786924,0.0,-0.9508896636880142,-1.3938334681358342,0.5401556901212494,-1.2170361146656765,1.0,0.5875313270369225,,1.0630210341322032e-05,0.17679735347015768,,
392,loss-abort,10000,-1,-0.5297439522196816,0.0,2.3178366818985023,0.0,0.18691079272993152,-0.7166547449496122,0.9240032138536242,-1.3938334680448776,1.0,1.7880927296788212,,9.65412160413906e-06,0.6771787230952654,,
393,loss-abort,10000,-1,-0.9569876090620474,0.0,1.7922134082850962,0.0,-0.012851144877992465,-0.9441364641840546,0.5554420383333668,-1.2367713699517286,1.0,0.8352257992230484,,3.323197004994334e-06,0.29263490576767404,,
394,hit condition,10000000,-1,2.0728174766895973,0.0,-2.0663509333004737,0.0,16.80662041353169,14.7338029368423,-16.803386493795028,14.737035560495904,2.005249715895179e-14,1.2960830595432071e-06,NOT IMPORTANT,2.0109164908886318e-28,0.0032326236536039943,6.504468075263503e-10,2.0569379383970105e-10
395,hit condition,10000000,-1,0.6436171598860284,0.0,-1.4157817181857628,0.0,16.09187700788435,15.448259847996102,-16.47803668541704,15.062254967227954,2.005667755902542e-14,0.00015479676454432933,NOT IMPORTANT,2.0117551413309759e-28,0.386004880768148,7.769567922366605e-08,2.4569533819870855e-08
396,loss-abort,10000,-1,-1.589883204112404,0.0,0.17608390196964044,0.0,-0.4154457267324368,-1.1744374773799675,-0.24599211889331737,-0.4220760208629584,1.0,1.4137993021427633,,2.150259486224404e-06,0.7523614565170091,,
397,loss-abort,10000,-1,1.1351973252728988,0.0,1.8824482487070195,0.0,6.776340424289412,5.641143099016528,0.8377969462161713,-1.0446513024908457,0.5000020236035426,14.299931772012958,,3.220838025941073e-07,6.685794401507374,,
398,loss-abort,10000,-1,-0.46666029733524145,0.0,1.3837702814535757,0.0,0.19064106506890907,-0.6573013624041499,0.2826419923873524,-1.1011282890662215,1.0,0.917109984118333,,1.3930450878263865e-06,0.4438269266620716,,
399,hit condition,10000000,-1,0.7869907846812908,0.0,-0.010725458372472846,0.0,16.163578192333112,15.376587407650296,-15.775367709869581,15.76464225149711,2.005921436006412e-14,0.00015563861671985535,NOT IMPORTANT,2.01226412506887e-28,0.3880548438468132,7.812815994157063e-08,2.4706298072304783e-08
400,loss-abort,10000,-1,-1.3120052616670408,0.0,0.05849651794346757,0.0,-0.23833573463491872,-1.073669527032122,-0.2417788620469242,-0.30027537999039167,1.0,1.253508743723573,,1.1860755870949168e-06,0.7733941470417303,,
401,hit condition,10000000,-1,4.897925792168931,0.0,-1.2999364220741998,0.0,18.219457603720443,13.321531811548654,-16.420102426303917,15.120166004228052,2.00483636506384e-14,0.0007209847371267841,NOT IMPORTANT,2.01008823918629e-28,1.7986341926793976,3.6172662909450537e-07,1.1438799529148828e-07
402,loss-abort,10000,-1,-0.23827402279198076,0.0,-1.246374049520714,0.0,0.2687003118509907,-0.5069743346429706,-7.628019537121155,6.381645487600457,0.5000004117653432,14.24793904751359,,1.0504194897786855e-08,6.888619822243427,,
403,loss-abort,10000,-1,1.9148374762605267,0.0,2.514611343736858,0.0,7.241078882410214,5.326241406149713,1.2347598742464307,-1.2798514694904273,0.5000017420160446,15.081931632296785,,2.3974735741094445e-07,6.60609287564014,,
404,loss-abort,10000,-1,1.8656928315403598,0.0,2.7610866196707353,0.0,7.068878776556872,5.2031859450165285,1.3643214487212458,-1.3967651709494897,0.5000023403457055,15.033151341244135,,4.330506701548423e-07,6.599951115966018,,
405,loss-abort,10000,-1,-0.11241613864422068,0.0,2.333769704173167,0.0,0.3096598812514049,-0.4220760198956257,0.9399362360740942,-1.393833468099074,1.0,2.2213535655289474,,9.965075235118688e-06,0.9717574482034483,,
406,loss-abort,10000,-1,-1.1589252886935901,0.0,2.1634732030939827,0.0,-0.14567079481413248,-1.0132544938794563,0.8252654843122789,-1.338207718781704,1.0,1.0045479144003941,,7.082849739235678e-06,0.32495322490224776,,
407,hit condition,10000000,-1,2.0725273097205394,0.0,-0.8820791212622179,0.0,16.806475300968483,14.733947991249298,-16.21113189223253,15.329052770972147,2.005487816815862e-14,0.00023862901310423013,NOT IMPORTANT,2.0113942006471441e-28,0.595104779722849,1.1976198699414908e-07,3.78720663208501e-08
408,hit condition,10000000,-1,1.3100673847720574,0.0,-1.5207548062828735,0.0,16.425168923080243,15.115101538306593,-16.53053375057339,15.009778944288945,2.0055126703619353e-14,4.223347549903167e-05,NOT IMPORTANT,2.011443976206327e-28,0.10532259401764854,2.1196211008600585e-08,6.702831025018734e-09
409,loss-abort,10000,-1,-1.9748146279407186,0.0,-1.962487098469892,0.0,-0.9056696861501646,-1.069144941790551,-7.557729592198753,5.595242493728878,0.5000009698549949,15.127786713868346,,7.405580794181247e-08,6.664387435519429,,
410,loss-abort,10000,-1,-1.5616059491642909,0.0,-1.6152605203558257,0.0,-0.5774701694761207,-0.9841357796881697,-7.415231247769177,5.799970727413355,0.5000009113405808,14.776807924346823,,6.500310160925293e-08,6.784106507101525,,
411,loss-abort,10000,-1,-0.17418292503173882,0.0,2.4241224315902623,0.0,0.24789309580321944,-0.4220760208349592,1.0050820348518046,-1.4190403967384588,1.0,2.2499395065585235,,1.1975222403234633e-05,0.9969643759034996,,
412,loss-abort,10000,-1,-0.3785623719642703,0.0,-1.213999205370855,0.0,0.19787810978957954,-0.5764404817538492,-7.55264079892612,6.338641593555257,0.5000004635138491,14.269844764445647,,1.4062080904774003e-08,6.9150820753091065,,
413,hit condition,10000000,-1,0.9325905666742408,0.0,-0.3721118242759963,0.0,16.23639267810953,15.303802111435859,-15.956097122716052,15.58398529844008,2.0058194853830642e-14,0.00011236838925654524,NOT IMPORTANT,2.0120595462619605e-28,0.28018318700422107,5.6404239501262055e-08,1.7836589599142374e-08
414,loss-abort,10000,-1,0.10321565383580096,0.0,0.5303712799379742,0.0,6.384965912575487,6.281750258739694,-0.1515246135834235,-0.6818958935213972,0.5000015771938222,13.197087451253154,,1.740590616875269e-07,6.9636461522610915,,
415,hit condition,10000000,-1,0.5872241312125976,0.0,-0.9918776829289963,0.0,16.063674840483195,15.476450709272408,-16.26604217899802,15.274164496071325,2.0057643104258375e-14,8.112531374493415e-05,NOT IMPORTANT,2.0119488343437483e-28,0.20228621320108253,4.072038883862206e-08,1.28769182529613e-08
416,loss-abort,10000,-1,-0.3744673650489702,0.0,1.2844357935427464,0.0,0.21619796543145758,-0.5906653304804277,0.239995631360521,-1.0444401621822232,1.0,0.9099684284937741,,1.1110325265152943e-06,0.45377483170179556,,
417,loss-abort,10000,-1,-0.5570217294086871,0.0,-0.36740742351980804,0.0,0.12487415990396399,-0.6818958893126505,-6.6384463986627305,6.27103897514292,0.5000012372337039,13.466507103214337,,1.0751728360801615e-07,6.952934864455571,,
418,loss-abort,10000,-1,0.40251966374036163,0.0,0.5647256914613474,0.0,6.670445423847629,6.267925760107276,-0.1171701972981809,-0.6818958887595283,0.5000012020064395,13.503096875416253,,1.0159178491472065e-07,6.949821648866804,,
419,loss-abort,10000,-1,-0.47501963512613166,0.0,0.7633618907319827,0.0,0.18228172739127044,-0.6573013625174025,-0.055867225199407754,-0.8192291159313906,1.0,0.2883422556058508,,3.5721261051752755e-07,0.16192775341398813,,
420,loss-abort,10000,-1,-0.03792860273270784,0.0,-1.8765786512636655,0.0,0.2623466914776765,-0.3002752942103843,-8.295744714541051,6.4191660632774115,0.5000002034067926,14.752839380551169,,2.348614421520666e-09,6.719441357487796,,
421,hit condition,10000000,-1,0.8861493704720216,0.0,-1.255033573475965,0.0,16.21316742483517,15.327018054364167,-16.397646501367568,15.142612927888235,2.0056513049284566e-14,7.395005646593233e-05,NOT IMPORTANT,2.011722108436743e-28,0.18440512647593188,3.7116738127451754e-08,1.1737344559206314e-08
422,loss-abort,10000,-1,4.297475006830848,0.0,0.38298952094614147,0.0,10.63406159441595,6.336586587585072,-0.19344993059607957,-0.576439451542221,0.5000000213162666,17.35363770294716,,2.969606618134667e-11,6.913026039127293,,
423,loss-abort,10000,-1,-0.4219527142889169,0.0,1.1772397038326499,0.0,0.235348647493204,-0.6573013617821211,0.16398520978641554,-1.0132544940462345,1.0,0.755286989543733,,8.871698457512012e-07,0.3559531322641134,,
424,loss-abort,10000,-1,2.045322568723026,0.0,2.1174164126887973,0.0,7.569612655794569,5.524290087071529,1.0100041271931866,-1.1074122854956103,0.5000010288695081,15.211319155554897,,8.344266661091793e-08,6.63170237256714,,
425,loss-abort,10000,-1,0.4090154391625286,0.0,1.4936311229515364,0.0,6.242480007689851,5.833464568527324,0.5247287429490294,-0.9689023800025066,0.5000028474356041,13.56957569916871,,6.335358273811647e-07,6.802366948529831,,
426,loss-abort,10000,-1,0.9776267660199353,0.0,0.1114833614369067,0.0,7.387530914187987,6.40990414816807,-0.30825659299490965,-0.41973995443181633,0.5000005091199231,13.908918423792963,,1.5246899213398835e-08,6.829644102599886,,
427,loss-abort,10000,-1,-2.1523113276659736,0.0,0.017746924122785817,0.0,-0.8141036089284981,-1.3382077187374752,-0.28252845523803133,-0.3002753793608171,1.0,2.134564403543188,,6.876916311234688e-06,1.0379323393766582,,
428,loss-abort,10000,-1,-3.64511804652297,0.0,-1.2665563797716364,0.0,-1.8171447165922945,-1.8279733299306764,-6.028451203157721,4.761894823386149,0.5000102986966753,14.435464073066843,,8.410178560451382e-06,6.589868153316826,,
429,loss-abort,10000,-1,1.9111323657380734,0.0,0.23909204609880988,0.0,8.292526701587771,6.381394335849685,-0.26788223706903735,-0.5069742831678472,0.500000211917621,14.913013083536267,,2.7823186963976532e-09,6.888368619017532,,
430,loss-abort,10000,-1,-0.07453990446305805,0.0,-1.247677708386888,0.0,0.22573543879204414,-0.3002753432551012,-7.662772950516892,6.415095242130009,0.5000003846179345,14.152408097109959,,8.413260704301344e-09,6.71537058538511,,
431,loss-abort,10000,-1,-1.2220304604313186,0.0,-0.9822876869642083,0.0,-0.3159960640858661,-0.9060343963454527,-6.94853478646505,5.966247099500858,0.5000012306980041,14.136812346397226,,1.1714126395313967e-07,6.872281495846311,,
432,loss-abort,10000,-1,-1.9812077008996505,0.0,-3.226095667277774,0.0,-0.912062826109924,-1.0691448747897265,-8.8181265497745,5.592030882496743,0.5000002758786856,16.391365133170893,,5.991563631105338e-09,6.661175757286469,,
433,loss-abort,10000,-1,1.442016937766173,0.0,2.321983612050208,0.0,6.864369043761016,5.422352105994836,1.1314880083743966,-1.1904956036758108,0.500002306294739,14.60870476180606,,4.19861557132053e-07,6.612847709670647,,
434,loss-abort,10000,-1,-0.9184946900747946,0.0,1.0675724699391251,0.0,-0.012818758481801237,-0.9056759315929935,0.08767138766403224,-0.9799010822750918,1.0,0.14907777986432924,,8.435769217230347e-07,0.07422515068209823,,
435,loss-abort,10000,-1,-1.7601904493878693,0.0,0.4771145844824135,0.0,-0.5431543347052402,-1.2170361146826303,-0.18018677806322264,-0.6573013625456362,1.0,1.2830758649054572,,3.0635319218681686e-06,0.5597347521369941,,
436,loss-abort,10000,-1,-1.9778320093645667,0.0,1.2677824034995455,0.0,-0.6871058448675508,-1.2907261644970138,0.2233422414563028,-1.0444401620432402,1.0,0.7100496058650214,,4.9277095203235175e-06,0.24628600245377363,,
437,hit condition,10000000,-1,0.05569811025744508,0.0,-1.8233490902153133,0.0,15.797858544579004,15.742160434321555,-16.681861219320094,14.858512129109164,2.00570406543585e-14,0.000354369528698939,NOT IMPORTANT,2.0118281421362665e-28,0.8836483052123913,1.7786841333133907e-07,5.624692906679258e-08
438,loss-abort,10000,-1,0.7557219289673559,0.0,2.314404543452925,0.0,6.181856377431178,5.4261344484638,1.1265145584546752,-1.1878899849982498,0.5000045465674948,13.922395369347901,,1.6316705776549228e-06,6.614024433462049,,
439,loss-abort,10000,-1,-0.012561727339909075,0.0,-0.07873268172349629,0.0,0.28771365064069315,-0.3002753779806022,-6.500648327935659,6.421915646212154,0.5000012211577733,12.935125701487722,,8.457075981063896e-08,6.722191024192757,,
440,loss-abort,10000,-1,-0.0056578114857059715,0.0,0.15611979311623553,0.0,0.2946175676833482,-0.30027537916905417,-0.265956227450001,-0.4220760205662364,1.0,0.15046198163052937,,4.291489482036096e-08,0.12180064139718222,,
441,loss-abort,10000,-1,1.746681350964519,0.0,1.8049046974431535,0.0,7.426299406399992,5.679618055435467,0.7741370879142856,-1.0307676095288674,0.500001016581894,14.910822159278613,,8.120991912166262e-08,6.710385664964335,,
442,loss-abort,10000,-1,-3.004846327923823,0.0,1.687449751258374,0.0,-1.3893993420955226,-1.6154469858283003,0.49115994178260536,-1.19628980947577,1.0,1.3173965766654476,,3.8943341902354305e-05,0.41915717635253036,,
443,loss-abort,10000,-1,-0.30957109524383425,0.0,2.3360339621833472,0.0,0.2810942342968599,-0.5906653295406946,0.9422004940766421,-1.3938334681067075,1.0,2.026462866939515,,1.0010645729930078e-05,0.8031681385660129,,
444,loss-abort,10000,-1,0.6297157558285916,0.0,1.3401200046792652,0.0,6.538469335812785,5.908753579984185,0.3986244795107953,-0.9414955251684693,0.5000019643088666,13.787342920476235,,3.001638093379533e-07,6.850249105152654,,
445,loss-abort,10000,-1,-0.7495763761906282,0.0,-1.9170970178044067,0.0,0.03858206509697309,-0.7881584412876007,-8.105490724066792,6.188393706262378,0.5000003098952156,15.043460806519798,,7.10855390550744e-09,6.976552147549978,,
446,loss-abort,10000,-1,0.31755359405233874,0.0,1.342354114215241,0.0,6.2252167599979895,5.907663165945651,0.4008585853475172,-0.9414955288677236,0.5000026898446781,13.475234040158881,,5.628817134540823e-07,6.849158694813375,,
447,loss-abort,10000,-1,1.0193481472620192,0.0,1.0854029157780234,0.0,7.051441077625957,6.0320929303639295,0.20972313362733347,-0.8756797821506896,0.5000010395930822,14.168936923767909,,8.292198680588748e-08,6.907772712514619,,
448,loss-abort,10000,-1,0.296986468941729,0.0,0.9944938514489998,0.0,6.372350722760309,6.075364253818588,0.13676028262353218,-0.8577335688254678,0.500001963342545,13.442208828027898,,2.938616380195156e-07,6.933097822644056,,
449,loss-abort,10000,-1,-1.1917283389626672,0.0,-0.2270089424604262,0.0,-0.2856939313346931,-0.9060344076279753,-6.2079316646384175,5.980922722178,0.5000025434183685,13.380582725779085,,4.99865810509317e-07,6.886957129805975,,
450,loss-abort,10000,-1,-2.228412577205878,0.0,-0.10136591158538824,0.0,-1.0787083270159887,-1.1497042501898884,-5.570372117842523,5.469006206257137,0.5000080283983783,13.267790901305538,,5.0850546141456e-06,6.618710456447025,,
451,loss-abort,10000,-1,-0.4643118954052754,0.0,0.05039104999807871,0.0,0.19298946696688862,-0.6573013623721636,-0.24988432986912046,-0.3002753798671988,1.0,0.4139208454071966,,1.4264355496950884e-07,0.3570259825049648,,
452,loss-abort,10000,-1,1.451653367458747,0.0,0.0642909122535917,0.0,7.867913882539663,6.4162605150809116,-0.23598441860913136,-0.3002753308627226,0.5000003129189649,14.348465309874166,,5.565858589240381e-09,6.716535845943634,,
453,loss-abort,10000,-1,-4.138250710936338,0.0,1.915921712614945,0.0,-2.026718031960644,-2.1115326789756934,0.6423788539737665,-1.2735428586411783,1.0,2.2223289983213927,,0.00037987101164907845,0.8379898203345151,,
454,loss-abort,10000,-1,0.19137601848792335,0.0,1.0747876167434054,0.0,6.228551937069679,6.037175918581752,0.1991078201760685,-0.8756797965673364,0.5000023552232511,13.340515472394836,,4.2543234989552306e-07,6.912855715149089,,
455,loss-abort,10000,-1,-1.146972377153418,0.0,1.1463502361665294,0.0,-0.13371788338446586,-1.01325449376895,0.13309574240336522,-1.0132544937631636,1.0,0.0006221409868871763,,1.16746841853785e-06,5.786482404346316e-12,,
456,hit condition,10000000,-1,2.1466734747012843,0.0,-2.3162026971117546,0.0,16.843555813922194,14.696882339217787,-16.928337413856873,14.612134716743716,2.005184667865192e-14,3.3977460608625165e-05,NOT IMPORTANT,2.0107860179511182e-28,0.08474762247407064,1.7049815781433608e-08,5.3916227604588345e-09
457,hit condition,10000000,-1,1.7158901401328905,0.0,-1.350400186361814,0.0,16.628120974681188,14.912230834547602,-16.445339366409335,15.094939180048257,2.005465342284125e-14,7.326277119545921e-05,NOT IMPORTANT,2.0113490371097088e-28,0.1827083455006555,3.676828619347816e-08,1.1627146512802224e-08
458,loss-abort,10000,-1,-1.1162740507880087,0.0,-0.023437098660995474,0.0,-0.22459397332694378,-0.891680077461065,-6.040738261272269,6.017301162611272,0.5000028988785449,13.17431347467155,,6.467520983930553e-07,6.908981240072337,,
459,hit condition,10000000,-1,2.930603778072787,0.0,-2.587349313479096,0.0,17.2355995192554,14.30499574119001,-17.06393789274227,14.476588579264641,2.0049726831105662e-14,6.878843849555949e-05,NOT IMPORTANT,2.0103608493461543e-28,0.17159283807463055,3.451431318524101e-08,1.091437927305403e-08
460,loss-abort,10000,-1,-0.9311066051219437,0.0,0.0333232144253308,0.0,-0.025430673393738393,-0.9056759317282055,-0.26695216517917164,-0.3002753796045024,1.0,0.8977833906966131,,4.974493283272818e-07,0.6054005521237031,,
461,hit condition,10000000,-1,0.8976675316310451,0.0,-0.18682930083765045,0.0,16.21892765997797,15.321260128345774,-15.86343728628616,15.67660798544854,2.0058637669086076e-14,0.00014251658904562703,NOT IMPORTANT,2.0121484063246534e-28,0.35534785710276573,7.153895076328354e-08,2.262260306285624e-08
462,hit condition,10000000,-1,0.5829842454934974,0.0,-1.4934134497994238,0.0,16.061554472598996,15.478570227104907,-16.51686033201531,15.023446882218101,2.005664343187063e-14,0.0001825145295075714,NOT IMPORTANT,2.0117483086136396e-28,0.4551233448868057,9.160757841186751e-08,2.8968859274966202e-08
463,loss-abort,10000,-1,1.070016545919871,0.0,1.4696608563076758,0.0,6.915266851517587,5.845250305597733,0.5092011334306613,-0.9604597228770145,0.5000014359781007,14.230178013422996,,1.609892501527765e-07,6.805710028474747,,
464,loss-abort,10000,-1,-1.588679066182563,0.0,-1.142934149489356,0.0,-0.6045432749784038,-0.9841357912041591,-6.929554225096835,5.786620075607516,0.5000015010863461,14.304853366886913,,1.7641989312788458e-07,6.770755866811675,,
465,loss-abort,10000,-1,0.5382739529189644,0.0,0.44812074416861714,0.0,6.851839272011842,6.313565319092865,-0.18562625441627373,-0.6337469985848899,0.5000009578719118,13.613525335273323,,6.224731758543024e-08,6.9473123176777545,,
466,hit condition,10000000,-1,0.7270725285499607,0.0,-1.7575269720906133,0.0,16.133613057991386,15.406540529443713,-16.648943563555008,14.891416591464704,2.005582286942037e-14,0.0002065675846125714,NOT IMPORTANT,2.0115836992835035e-28,0.5151239379790091,1.036759975647783e-07,3.2785224411139904e-08
467,loss-abort,10000,-1,-0.5811168275954113,0.0,-0.7193684235899153,0.0,0.14169821920865133,-0.7228150468040623,-6.980553317189402,6.261184893599485,0.5000008874750831,13.822855038384297,,5.625523306007367e-08,6.983999940403548,,
468,hit condition,10000000,-1,1.9067484216951371,0.0,-0.15542112795234023,0.0,16.723569243236625,14.816820821539775,-15.847730051079933,15.692308923127575,2.0056672488368806e-14,0.0003510905688912658,NOT IMPORTANT,2.011754273889069e-28,0.8754881015878002,1.762193075904861e-07,5.5725428562951764e-08
469,loss-abort,10000,-1,-0.738513189553023,0.0,-1.310405508758883,0.0,0.019371828194467592,-0.75788501774749,-7.503757275361478,6.193351766602593,0.5000005628480028,14.435622231517094,,2.3256275922280672e-08,6.951236784350082,,
470,loss-abort,10000,-1,-0.01967656088688342,0.0,1.6767337800678697,0.0,0.2805988185043288,-0.3002753793912121,0.48044397065691546,-1.196289809410954,1.0,1.657057219180986,,2.5747817085301283e-06,0.8960144300197419,,
471,loss-abort,10000,-1,-2.2302326778553643,0.0,0.1438269857100367,0.0,-0.8632537594865762,-1.3669789183687862,-0.27824903467052564,-0.42207602038056224,1.0,2.086405692145326,,8.07192481818805e-06,0.9449028979882239,,
472,loss-abort,10000,-1,0.7050520425752551,0.0,2.8146360292966164,0.0,5.881500366421751,5.176448323846469,1.3911783026518811,-1.4234577266447348,0.5000078806838818,13.872584719564834,,4.911036485419766e-06,6.599906050491204,,
473,loss-abort,10000,-1,0.949876722497205,0.0,1.9092321785711273,0.0,6.57771888580709,5.6278421633098645,0.856003959382558,-1.0532282191885687,0.5000025012793182,14.114793227688082,,4.922591737155164e-07,6.681070382498433,,
474,hit condition,10000000,-1,0.04371167735573697,0.0,-2.0007566546576077,0.0,15.79186412642238,15.748152449066621,-16.77058278093178,14.76982612626841,2.0056708228986023e-14,0.00039233171118624455,NOT IMPORTANT,2.0117614907043304e-28,0.9783263227982122,1.9691957575673769e-07,6.227143588294643e-08
475,loss-abort,10000,-1,-2.0475453608960437,0.0,-1.0454427453778337,0.0,-0.9602176904377695,-1.0873276704582737,-6.604518967698264,5.5590762223204235,0.5000026084813334,14.211140550914731,,5.360609929085201e-07,6.6464038927786975,,
476,hit condition,10000000,-1,0.17245717590216234,0.0,-0.4308057524173691,0.0,15.856249782973368,15.683792607071213,-15.985449970752182,15.55464421833479,2.0059605286202384e-14,5.179904238872268e-05,NOT IMPORTANT,2.012342533632562e-28,0.12914838873642331,2.6002727082641286e-08,8.222780536034143e-09
477,loss-abort,10000,-1,-0.6872441641741008,0.0,2.5588080119719727,0.0,0.13198495083030728,-0.819229115004408,1.0934416728628806,-1.465366339109092,1.0,1.871563847797872,,1.575556253096044e-05,0.6461372241046841,,
478,loss-abort,10000,-1,-3.4366788507245443,0.0,-1.5181487323495964,0.0,-1.7112143415135554,-1.7254645092109917,-6.384013541649647,4.8658648093000645,0.5000065044400379,14.686557201674258,,3.351416917557521e-06,6.591329318511056,,
479,loss-abort,10000,-1,3.391024378659309,0.0,0.41786507133270756,0.0,9.71551765787206,6.324493279212739,-0.21588150418957758,-0.6337465755222842,0.5000000540607125,16.457876008417504,,1.971030000364786e-10,6.958239854735023,,
480,loss-abort,10000,-1,-0.9792433642571813,0.0,-1.6244090421715711,0.0,-0.12150983400971509,-0.8577335302474651,-7.7069687795067665,6.08255973733521,0.5000005131612584,14.768771881099156,,2.0058423568581466e-08,6.940293267582675,,
481,loss-abort,10000,-1,1.1263509270798493,0.0,0.9749515695571944,0.0,7.2109488324680715,6.084597905388249,0.11721801896341044,-0.8577335505937836,0.5000008409833976,14.270498307413513,,5.386252464327571e-08,6.942331455982033,,
482,hit condition,10000000,-1,1.1340294947001357,0.0,-1.8718869004503322,0.0,16.337132333459955,15.203102838761717,-16.706134988852305,14.834248088402871,2.0054774857511058e-14,0.000147905033506035,NOT IMPORTANT,2.0113734227248081e-28,0.36885475035884596,7.422955050628843e-08,2.347345075449282e-08
483,hit condition,10000000,-1,0.16955295604238685,0.0,-0.3374730304865246,0.0,15.854797381886653,15.685244425844273,-15.938774253308186,15.60130122282166,2.0059798811008324e-14,3.366839891860707e-05,NOT IMPORTANT,2.0123813634783494e-28,0.08394320302261349,1.6901356758580732e-08,5.3446680884912295e-09
484,hit condition,10000000,-1,0.6090206480970588,0.0,-2.3295942245951884,0.0,16.074575283902128,15.465554635806338,-16.935034519549692,14.605440294955857,2.005491062410321e-14,0.00034489479708277315,NOT IMPORTANT,2.0114008051798182e-28,0.8601143408504814,1.7309434419132685e-07,5.4737230780549036e-08
485,loss-abort,10000,-1,0.8252815994007989,0.0,2.1679016751222058,0.0,6.324436908552747,5.499155309151932,1.0417288657122303,-1.1261728094099763,0.5000036647904573,13.991493892826885,,1.0591351485485415e-06,6.625328118561908,,
486,loss-abort,10000,-1,-1.9778812611056271,0.0,1.227006552122361,0.0,-0.6871550966083806,-1.2907261644972436,0.18256639042935224,-1.0444401616930075,1.0,0.7508747089832646,,4.910658877647452e-06,0.24628600280423618,,
487,loss-abort,10000,-1,2.3690491727710192,0.0,1.2462458418006876,0.0,8.323508699244666,5.9544595264736655,0.3272553107847803,-0.9189905310159061,0.5000003148670324,15.524214067519019,,7.680711940943535e-09,6.873450057489571,,
488,loss-abort,10000,-1,-0.08628546589449701,0.0,0.1699749203585036,0.0,0.21398991451075014,-0.30027538040524665,-0.2521011004142863,-0.4220760207727901,1.0,0.08368945446400727,,4.506936469681844e-08,0.12180064036754346,,
489,loss-abort,10000,-1,-0.7729863390898067,0.0,0.30133607389094275,0.0,0.046242776953847646,-0.8192291160436541,-0.289329255526084,-0.5906653294170279,1.0,0.4716502651988628,,3.446468878199346e-07,0.22856378662662624,,
490,loss-abort,10000,-1,-1.4999755428582788,0.0,0.06576120130359063,0.0,-0.3729946873237321,-1.1269808555345449,-0.23451417879636968,-0.3002753800999595,1.0,1.434214341554687,,1.766664614746116e-06,0.8267054754345853,,
491,loss-abort,10000,-1,-1.2135827022906784,0.0,-2.0854291510111396,0.0,-0.3075483505617542,-0.9060343517289253,-8.05574704089424,5.970317889883112,0.5000004050675023,15.239647633068031,,1.2685735198333643e-08,6.876352241612037,,
492,hit condition,10000000,-1,2.1353294223147907,0.0,-2.6612838352955084,0.0,16.83788265090547,14.702553228591976,-17.10091256212431,14.43962872682751,2.0051176133858166e-14,0.00010540945437575999,NOT IMPORTANT,2.0106515381473687e-28,0.26292450176446636,5.289265558872103e-08,1.6726130700468767e-08
493,hit condition,10000000,-1,2.5468406645618744,0.0,-3.125797011848327,0.0,17.043679509140883,14.496838844581953,-17.333215693489922,14.207418681637748,2.0049416120732033e-14,0.00011602140483191192,NOT IMPORTANT,2.0102985476694613e-28,0.2894201629442055,5.8212378917232854e-08,1.840837090302295e-08
494,loss-abort,10000,-1,1.332948205996575,0.0,0.26279852569292783,0.0,7.707870590130373,6.374922384133793,-0.24417580545356468,-0.5069743311464923,0.5000003827284317,14.345591499957093,,9.112874868568823e-09,6.881896715280285,,
495,loss-abort,10000,-1,-2.3216861904766284,0.0,-0.7325215965485572,0.0,-1.1311905810997043,-1.1904956093769241,-6.155024832103323,5.422503235554761,0.5000046871996273,13.899214258134712,,1.7342348469829794e-06,6.612998844931686,,
496,loss-abort,10000,-1,-1.4657748658006784,0.0,-1.3700488751579705,0.0,-0.5053151495621142,-0.9604597162385646,-7.217205675351103,5.847156800193126,0.5000010597159514,14.530137341344908,,8.766907971343436e-08,6.807616516431691,,
497,hit condition,10000000,-1,1.2570957757987458,0.0,-1.690242667782113,0.0,16.398677809218707,15.141582033423155,-16.61529466806775,14.925052000283504,2.0054892528239324e-14,8.682570939200218e-05,NOT IMPORTANT,2.0113970068617703e-28,0.21653003313965158,4.357569771684666e-08,1.3779844909575666e-08
498,loss-abort,10000,-1,-2.7617946077601094,0.0,1.5926889006577571,0.0,-1.2347996361498148,-1.5269949716102955,0.41825142325939785,-1.1744374773983597,1.0,1.1691057071023527,,2.3862067335984956e-05,0.35255749421193583,,
499,hit condition,10000000,-1,0.5535133967265727,0.0,-0.0017403899420683436,0.0,16.046816093911133,15.493302697186323,-15.770874274846598,15.769133884904534,2.005970188017449e-14,0.00011063134632394167,NOT IMPORTANT,2.0123619303080925e-28,0.2758311877182109,5.55364110255141e-08,1.756214929765328e-08
500,loss-abort,10000,-1,-0.4109544092535298,0.0,0.9931639418705652,0.0,0.2463469523712586,-0.6573013616247894,0.04902747730642862,-0.9441364645641359,1.0,0.5822095326170338,,5.940436588928372e-07,0.28683510293934655,,
501,loss-abort,10000,-1,-0.647519184532852,0.0,-0.8808551957413129,0.0,0.07529585940850092,-0.7228150439413525,-7.114003761880454,6.233148566139127,0.5000007986847629,13.994671512552433,,4.593195766623864e-08,6.955963610080479,,
502,loss-abort,10000,-1,0.19132899023047717,0.0,1.1934584934832586,0.0,6.171414820210566,5.980085829980089,0.2874240854661707,-0.9060344080170886,0.5000026402212678,13.344959143673915,,5.386689887846067e-07,6.8861202379971775,,
503,loss-abort,10000,-1,-0.21000885878202932,0.0,0.3712081242041099,0.0,0.30404935357404816,-0.5140582123560784,-0.21945720623056242,-0.590665330434672,1.0,0.1611992654220793,,1.1886773573592737e-07,0.07660711807859355,,
504,loss-abort,10000,-1,0.7518921500915559,0.0,0.9755348388997661,0.0,6.836219154036836,6.084327003945284,0.11780127833990116,-0.857733560559864,0.5000012236243329,13.896080996881885,,1.1403261959217604e-07,6.942060564505148,,
505,loss-abort,10000,-1,-1.2613351911778325,0.0,0.6630122023965759,0.0,-0.21689502918902087,-1.0444401619888106,-0.10727982910449425,-0.7702920315010705,1.0,0.5983229887812552,,1.085902757809432e-06,0.2741481304877401,,
506,loss-abort,10000,-1,-0.025155505396648417,0.0,-0.850550036130982,0.0,0.27511985309442405,-0.3002753584910725,-7.2711289437177715,6.420578907586799,0.500000565896277,13.71686335670122,,1.8170669403880157e-08,6.720854266077872,,
507,loss-abort,10000,-1,-0.9583206418115472,0.0,-0.3213310048235037,0.0,-0.12084356827355941,-0.837477073537988,-6.413760010435401,6.09242900561189,0.5000018518300408,13.464509657858837,,2.6012974082674846e-07,6.929906079149878,,
508,loss-abort,10000,-1,-1.4050995277800509,0.0,-2.0632002488087284,0.0,-0.4537419640828255,-0.9513575636972244,-7.940127849755652,5.876927600946914,0.50000049922815,15.222154978482616,,1.9424470548011345e-08,6.8282851646441385,,
509,loss-abort,10000,-1,0.09016655633021788,0.0,1.0953336115825387,0.0,6.117515044805527,6.027348488475311,0.21965381370824588,-0.8756797978742928,0.5000026578030066,13.240197144863377,,5.4221983591085e-07,6.9030282863496035,,
510,loss-abort,10000,-1,-0.34101173244990446,0.0,1.0465843582512324,0.0,0.249653597553685,-0.5906653300035901,0.06668327618474498,-0.9799010820664871,1.0,0.705572625801327,,6.68955956639473e-07,0.38923575206289696,,
511,loss-abort,10000,-1,-0.5656367808053494,0.0,-1.4076512297543764,0.0,0.11625907256518615,-0.6818958533705367,-7.675190013349567,6.267538783595185,0.5000004402707415,14.508365577750103,,1.3630390085228299e-08,6.949434636965722,,
512,loss-abort,10000,-1,-2.152759237307389,0.0,-1.1600107406471991,0.0,-1.0327180984638078,-1.1200411388435807,-6.6667073199400875,5.506696579292894,0.5000025830205712,14.326163136540371,,5.260843684305315e-07,6.626737718136475,,
513,hit condition,10000000,-1,2.0552516626567634,0.0,-0.3229932585077198,0.0,16.797835746164907,14.742584083508623,-15.931532915725056,15.608539657217348,2.005603705991477e-14,0.00034725673112845357,NOT IMPORTANT,2.0116267876955275e-28,0.8659555737087246,1.7428967602484136e-07,5.511523817488481e-08
514,loss-abort,10000,-1,-2.5687571976984076,0.0,-0.0018000103065956066,0.0,-1.264038421797242,-1.304718775901166,-5.301019969179964,5.299219958873369,0.5000124550161994,13.16899712575174,,1.225830724362776e-05,6.603938734774535,,
515,loss-abort,10000,-1,-0.5472032345939919,0.0,-0.6714716286829353,0.0,0.13469264737889713,-0.6818958819728893,-6.946463052384899,6.274991423701937,0.5000009056601998,13.768657710680827,,5.753000562922731e-08,6.956887305674826,,
516,loss-abort,10000,-1,-0.9059117641945063,0.0,-1.1953379235783481,0.0,-0.06843471254382354,-0.8374770516506831,-7.312291044879036,6.116953121300699,0.500000735738304,14.335155930374242,,4.093520985927013e-08,6.9544301729513816,,
517,loss-abort,10000,-1,-0.5245231925062058,0.0,-2.5663665045110133,0.0,0.15737253132296183,-0.6818957238291679,-8.850367014067567,6.284000509556579,0.5000001337204106,15.658890716130353,,1.2496923176071725e-09,6.965896233385747,,
518,loss-abort,10000,-1,-1.6209569729673894,0.0,-0.46584267403045704,0.0,-0.6298971640399941,-0.9910598089273959,-6.236528946355432,5.770686272324961,0.5000030500200328,13.628172191647783,,7.288520709931808e-07,6.761746081252357,,
519,loss-abort,10000,-1,1.0808123582897384,0.0,0.6468002313260648,0.0,7.314263416042733,6.2334510577529745,-0.07601480560150815,-0.7228150369275725,0.5000006535402892,14.194514705121772,,3.0751472236371386e-08,6.956266094680547,,
520,loss-abort,10000,-1,2.619192113908005,0.0,1.7105200208898523,0.0,8.345557740781441,5.726365626873399,0.7008486754037173,-1.009671345486135,0.5000003869112307,15.782443388544692,,1.1746292911804361e-08,6.736036972359534,,
521,loss-abort,10000,-1,-2.6316225633807138,0.0,0.7440875465071638,0.0,-1.144796355409159,-1.4868262079715553,-0.07514156919612741,-0.8192291157032912,1.0,1.8875350168735505,,1.826078588892919e-05,0.6675970922682641,,
522,loss-abort,10000,-1,1.3847126793307014,0.0,0.319864722459014,0.0,7.7426726424560455,6.3579599631253405,-0.2565757464848387,-0.5764404689438518,0.5000003759612391,14.4204973280404,,9.154502257521303e-09,6.934400432069192,,
523,loss-abort,10000,-1,-2.6233711301068605,0.0,-0.5157129091866248,0.0,-1.2913370611736457,-1.3320340689332153,-5.7876670932468315,5.27195418406018,0.5000078675137692,13.682992407413872,,4.892079202716513e-06,6.603988252993394,,
524,loss-abort,10000,-1,-1.157902473147451,0.0,0.5220488733555193,0.0,-0.14464797927739764,-1.0132544938700525,-0.19460587148981495,-0.7166547448453338,1.0,0.6358535997919312,,8.62417949954638e-07,0.29659974902471875,,
525,loss-abort,10000,-1,1.629467589757377,0.0,0.9113209259683007,0.0,7.743885044344031,6.114417454586641,0.07384389371417785,-0.837477032254124,0.5000004790553565,14.769623424898976,,1.735984758706988e-08,6.951894486840764,,
526,loss-abort,10000,-1,-1.4651147332796128,0.0,1.1153194512029796,0.0,-0.33813387799370875,-1.1269808552859026,0.13541836846931743,-0.9799010827336616,1.0,0.3497952820766326,,1.8142488151761622e-06,0.14707977255224103,,
527,loss-abort,10000,-1,0.009526613034650643,0.0,1.400271833990577,0.0,5.8888430684079625,5.879316455373313,0.4489142233676929,-0.9513576106228845,0.5000038736757157,13.168431357771851,,1.1694894402377467e-06,6.830674065996197,,
528,loss-abort,10000,-1,-0.42631617733037686,0.0,0.27345137201133285,0.0,0.2309851845136862,-0.6573013618440635,-0.24060684129130325,-0.5140582133026363,1.0,0.15286480531904423,,1.481483743484623e-07,0.14324314854142717,,
529,loss-abort,10000,-1,-0.10222043575373382,0.0,-0.3326213634481352,0.0,0.3175195389119515,-0.4197399746656853,-6.744314460824513,6.411693097376383,0.5000009669154906,13.25822799395463,,5.493732945727933e-08,6.831433072042068,,
530,loss-abort,10000,-1,2.1112447607416405,0.0,1.2372218254780634,0.0,8.070096892609802,5.958852131868174,0.31823127560023085,-0.9189905498778322,0.5000004039009327,15.266170849956042,,1.2635878626008017e-08,6.8778426817460065,,
531,hit condition,10000000,-1,0.5689967801010318,0.0,-1.9908996393148566,0.0,16.054559337732034,15.485562557631441,-16.76565328542722,14.774753646107749,2.00556717012331e-14,0.0002850361714923366,NOT IMPORTANT,2.0115534304615383e-28,0.7108089115236922,1.4305823015092756e-07,4.52389841104824e-08
532,loss-abort,10000,-1,-1.0180624388880544,0.0,-0.014691028586363033,0.0,-0.16032886646949387,-0.8577335724185596,-6.078891221372663,6.0642001927863,0.5000026625171258,13.161153853047017,,5.410476183271332e-07,6.92193376520486,,
533,hit condition,10000000,-1,0.7838310797237613,0.0,-2.468483672712273,0.0,16.161998023121193,15.378166943399165,-17.004493161417617,14.536009488698744,2.0054280070993284e-14,0.00033768359600294673,NOT IMPORTANT,2.0112743048116894e-28,0.8421574547004216,1.6946999004119334e-07,5.35911217258245e-08
534,hit condition,10000000,-1,1.1209516911263107,0.0,-1.6472022712206678,0.0,16.33059212083899,15.209640429713073,-16.593770156157486,14.946567884940881,2.0055252719751027e-14,0.00010549054630537569,NOT IMPORTANT,2.011469270687474e-28,0.2630725447721911,5.294407223743747e-08,1.6742384302099762e-08
535,loss-abort,10000,-1,-1.7829298834860345,0.0,1.4118180889965894,0.0,-0.5658937686764751,-1.2170361148095616,0.31068979971576743,-1.1011282892808205,1.0,0.37111179448944887,,3.521955092973202e-06,0.11590782552874113,,
536,loss-abort,10000,-1,-0.9294517233903805,0.0,0.39845489686413027,0.0,-0.023775791679820003,-0.9056759317105607,-0.2588464645797379,-0.6573013614438673,1.0,0.5309968265262514,,5.108109546809528e-07,0.2483745702666934,,
537,loss-abort,10000,-1,1.3247240861937346,0.0,0.7641192177004544,0.0,7.506593071779635,6.181868985585898,-0.024039262082921946,-0.7881584797833763,0.5000005677360437,14.452581275065988,,2.389024861674373e-08,6.970027465369274,,
538,loss-abort,10000,-1,-1.6480974682700729,0.0,-0.9418734140528294,0.0,-0.650502654719505,-0.9975948135505682,-6.699145319429892,5.757271905377074,0.5000019463311767,14.10451469307704,,2.9696289197563053e-07,6.754866718927643,,
539,loss-abort,10000,-1,-0.9836575740413912,0.0,0.42672539112378755,0.0,-0.039521109575803945,-0.9441364644655862,-0.23057597072607072,-0.6573013618498584,1.0,0.5569321829176024,,5.842762701785888e-07,0.28683510261572776,,
540,loss-abort,10000,-1,0.3484653090180374,0.0,1.4474715673901035,0.0,6.204621927720167,5.85615661870211,0.4870118351094254,-0.9604597322806773,0.5000028909490262,13.50825011381238,,6.522686346848928e-07,6.8166163509827875,,
541,loss-abort,10000,-1,0.6025637480806708,0.0,1.2416363239156407,0.0,6.559296188982196,5.956732440901514,0.32264572196672503,-0.9189906019489162,0.5000018336981001,13.75766495379935,,2.6049927561546653e-07,6.875723042850431,,
542,loss-abort,10000,-1,-0.3864907524109287,0.0,-0.563061566501365,0.0,0.18994975331578834,-0.5764405057267166,-6.899054571822181,6.335993005320808,0.5000008934327619,13.621538329553918,,5.2321946324354816e-08,6.912433511047524,,
543,loss-abort,10000,-1,-2.288889617787186,0.0,-1.041035637280596,0.0,-1.114258357952587,-1.1746312598345985,-6.4798918564509975,5.438856219170415,0.5000033321418712,14.207637693408598,,8.762777714843293e-07,6.613487479005013,,
544,loss-abort,10000,-1,-2.500059179799301,0.0,-1.2770561174019512,0.0,-1.2266512872651918,-1.2734078925341101,-6.610564104528489,5.333507987126536,0.5000032488181555,14.444131271454326,,8.33841107588408e-07,6.606915879660646,,
545,loss-abort,10000,-1,2.033812982201533,0.0,0.25191153502555885,0.0,8.411701437137172,6.377888454935618,-0.2550627358222566,-0.5069742708478157,0.5000001887698908,15.041501427098348,,2.2124416472963577e-09,6.884862725783433,,
546,hit condition,10000000,-1,0.0013930707367181363,0.0,-0.22915618675899999,0.0,15.770700580423561,15.769307509686843,-15.884604972609406,15.6554487858504,2.0060354831489142e-14,4.566834940078479e-05,NOT IMPORTANT,2.0124929366268106e-28,0.11385872383644369,2.2926009535240155e-08,7.249837339605822e-09
547,loss-abort,10000,-1,-0.7827398603696188,0.0,-0.1870768524992411,0.0,0.0054186510188183575,-0.7881585113884363,-6.360561376006262,6.173484523507029,0.500001800955717,13.316785759882908,,2.407925912888258e-07,6.961643034895466,,
548,hit condition,10000000,-1,1.3808769532874563,0.0,-1.559886708874317,0.0,16.46058080452511,15.07970385123379,-16.55010362387474,14.990216914998252,2.005490571231444e-14,3.588311408897482e-05,NOT IMPORTANT,2.011399642277835e-28,0.08948693623553794,1.8008954327797255e-08,5.694941118153739e-09
549,loss-abort,10000,-1,-0.98376659992625,0.0,-1.374195907870403,0.0,-0.1260330579370906,-0.8577335419891589,-7.4546225644846285,6.080426656614224,0.5000006618701809,14.518815821025104,,3.337666207682185e-08,6.938160198603383,,
550,loss-abort,10000,-1,-0.55399130295115,0.0,3.653670092075952,0.0,0.16266344232184815,-0.7166547452729974,1.7665856242506512,-1.887084467825301,1.0,3.0996787891248028,,0.00014358739014642762,1.1704297225523035,,
551,loss-abort,10000,-1,2.6130527324945243,0.0,2.762580328817613,0.0,7.815486739866263,5.202434007371751,1.364196843907205,-1.3983834849104084,0.5000011100917062,15.780501076055629,,9.7429022464286e-08,6.60081749228216,,
552,loss-abort,10000,-1,-1.905644345990666,0.0,-2.0397432536887172,0.0,-0.8524161474244265,-1.0532281985662375,-7.6693575695080565,5.629614315819336,0.5000008381078329,15.204616231318056,,5.526390070802793e-08,6.682842514385573,,
553,hit condition,10000000,-1,1.2957300322695449,0.0,-1.3482241465631533,0.0,16.4179988097929,15.122268777522493,-16.444251128411217,15.096026981845373,2.005550232220159e-14,1.0522941199297975e-05,NOT IMPORTANT,2.0115193278409674e-28,0.026241795677119484,5.281362902564979e-09,1.6701126366541594e-09
554,hit condition,10000000,-1,0.40945985119221895,0.0,-1.992777813270954,0.0,15.974774880258563,15.565315029066367,-16.766592560625206,14.773814747356266,2.0055988728415456e-14,0.0003173986565414566,NOT IMPORTANT,2.0116170614566471e-28,0.7915002817101016,1.5930332430968974e-07,5.037613067754666e-08
555,hit condition,10000000,-1,1.593335726026498,0.0,-0.19809024211652784,0.0,16.566831484861783,14.973495758836119,-15.869068885861351,15.670978643744837,2.0057216577351823e-14,0.00027971409171456685,NOT IMPORTANT,2.011863366413666e-28,0.6974828849087178,1.4039780893426723e-07,4.43976725598944e-08
556,loss-abort,10000,-1,-0.581345816971079,0.0,4.01967533273156,0.0,0.13530892865745456,-0.7166547456285332,1.964073199539137,-2.0556021331924224,1.0,3.438329515760481,,0.0002994388560595908,1.338947387563889,,
557,hit condition,10000000,-1,0.24193627762584244,0.0,-1.5399646854293232,0.0,15.890996299266723,15.64906002164088,-16.540140615464416,15.000175930035129,2.0057235674500318e-14,0.0002602245919423041,NOT IMPORTANT,2.0118671820423894e-28,0.6488840916057512,1.3061562675886762e-07,4.1304289071743174e-08
558,loss-abort,10000,-1,-1.337035380280985,0.0,1.714560158264216,0.0,-0.2633658530461373,-1.0736695272348467,0.5182703486275414,-1.1962898096366743,1.0,0.3775247779832317,,3.0441220327842764e-06,0.12262028240182765,,
559,loss-abort,10000,-1,-1.3975059115311597,0.0,2.1561344847031383,0.0,-0.29637762235909026,-1.1011282891720684,0.8179267659504571,-1.3382077187526802,1.0,0.7586285731719785,,7.07455217282704e-06,0.2370794295806118,,
560,loss-abort,10000,-1,-1.7919876367171832,0.0,0.1742874819822514,0.0,-0.555216266766699,-1.2367713699504828,-0.24778853885424873,-0.4220760208365001,1.0,1.6177001547349303,,3.2778483252631745e-06,0.8146953491139827,,
561,loss-abort,10000,-1,-1.8159461329769548,0.0,1.334289544282185,0.0,-0.5791747628959244,-1.236771370081029,0.26062001706932947,-1.0736695272128551,1.0,0.4816565886947688,,3.65521782127228e-06,0.16310184286817386,,
562,loss-abort,10000,-1,1.5373550315262652,0.0,0.494686739634305,0.0,7.833269396499298,6.295914364973032,-0.18720910132678736,-0.6818958409610928,0.5000003653788991,14.623870501106635,,9.291753558986253e-09,6.977810205934125,,
563,loss-abort,10000,-1,-0.5788546448469035,0.0,-1.1204607640257065,0.0,0.1439603876987394,-0.7228150325456437,-7.382585179912551,6.2621244158868254,0.5000005931273079,14.223564240646281,,2.5119451943206447e-08,6.984939448432469,,
564,loss-abort,10000,-1,-0.5071535231728082,0.0,-2.065943879933485,0.0,0.17474227167941486,-0.6818957948522235,-8.35689647362975,6.290952593696224,0.5000002175153861,15.155002590498782,,3.298752349426173e-09,6.972848388548448,,
565,loss-abort,10000,-1,-1.3678338052615764,0.0,1.5957864300871492,0.0,-0.2667055163199945,-1.1011282889415812,0.42134895266854316,-1.1744374774186084,1.0,0.22795262482557588,,2.5561878270345676e-06,0.07330918847702717,,
566,loss-abort,10000,-1,-0.947976200582032,0.0,-0.2274372172593315,0.0,-0.11049912589397565,-0.8374770746880564,-6.324719218730467,6.097282001471141,0.5000020144821345,13.36997742078364,,3.0765371343299456e-07,6.934759076159198,,
567,loss-abort,10000,-1,1.8017972950638639,0.0,0.31020154116175014,0.0,8.16285505103792,6.3610577559740795,-0.26623889452170674,-0.5764404356834565,0.5000002462151751,14.83411434817375,,3.919157451267092e-09,6.937498191657536,,
568,loss-abort,10000,-1,-0.11766195309067468,0.0,1.3718770094943535,0.0,0.30441406688700196,-0.42207601997767663,0.27074872052096066,-1.101128288973392,1.0,1.254215056403678,,1.3536941830526973e-06,0.6790522689957154,,
569,loss-abort,10000,-1,0.5347739032945198,0.0,0.4238201828818184,0.0,6.857306630262374,6.322532726967855,-0.2099268151759122,-0.6337469980577303,0.5000009441445686,13.603659540112048,,6.023185563137595e-08,6.956279725025585,,
570,loss-abort,10000,-1,0.15901993390079489,0.0,1.942172276130866,0.0,5.770498657256174,5.611478723355376,0.8808029742050882,-1.0613693019257773,0.5000056995430034,13.324149656742415,,2.5568578252810695e-06,6.672848025281153,,
571,hit condition,10000000,-1,2.2892913051795065,0.0,-3.488342788088421,0.0,16.91487902110042,14.625587715927209,-17.5145249046642,14.026182116579951,2.0049205418992585e-14,0.00024028421652211307,NOT IMPORTANT,2.0102563574846084e-28,0.5994055993472571,1.205585480335003e-07,3.812395093706956e-08
572,loss-abort,10000,-1,2.674941787698577,0.0,1.0329843196806776,0.0,8.731999408858563,6.057057621160053,0.17525087869581518,-0.8577334409848614,0.5000001888705059,15.82204134969929,,2.7238110460317725e-09,6.914791062144914,,
573,loss-abort,10000,-1,-0.5522479757875649,0.0,1.1720402755441715,0.0,0.16440676946244337,-0.716654745250008,0.15878578154497458,-1.0132544939991972,1.0,0.6197922997566071,,8.883745789110246e-07,0.29659974874918915,,
574,loss-abort,10000,-1,-2.1646945568426026,0.0,0.3558020885603029,0.0,-0.8264868380560879,-1.3382077187865118,-0.23486324165605998,-0.5906653302163632,1.0,1.8088924682822962,,7.0500364029894784e-06,0.7475423885701485,,
575,hit condition,10000000,-1,1.6329399709948738,0.0,-0.504164927284773,0.0,16.586637576633954,14.953697605639029,-16.02213691221764,15.51797198493425,2.0056521477678506e-14,0.00022628512109257315,NOT IMPORTANT,2.0117238684129311e-28,0.5642743792952221,1.1357616536145088e-07,3.5915933856667474e-08
576,loss-abort,10000,-1,-3.4135524319700483,0.0,0.11261196867339297,0.0,-1.633240507216684,-1.780311924753365,-0.30946405122530385,-0.42207601989869686,1.0,3.300940463296656,,8.858105459117984e-05,1.3582359048546682,,
577,loss-abort,10000,-1,-0.3768940282272656,0.0,2.0346456879968886,0.0,0.21377130228713206,-0.5906653305143976,0.7274514601823363,-1.3071942278145523,1.0,1.6577516597696231,,5.406878445990796e-06,0.7165288973001547,,
578,loss-abort,10000,-1,1.2739772833850271,0.0,2.8260949955364576,0.0,6.444701902929465,5.170724619544446,1.3980994381112977,-1.4279955574251613,0.5000045128859764,14.44152151801037,,1.6105110769857573e-06,6.598720176969607,,
579,loss-abort,10000,-1,0.14172383805341804,0.0,1.0536610976159009,0.0,6.188991952605581,6.0472681145521605,0.17798130072793789,-0.8756797968879628,0.5000024256591703,13.289921164773641,,4.508614839629337e-07,6.922947911440123,,
580,hit condition,10000000,-1,0.9415592638395716,0.0,-0.8578177536043273,0.0,16.240877925695237,15.299318661853043,-16.198998776473907,15.34118102287119,2.0057200199850726e-14,1.6788203183182304e-05,NOT IMPORTANT,2.011859962893175e-28,0.041862361018147,8.426544795270274e-09,2.664705804602448e-09
581,loss-abort,10000,-1,0.47531963799786614,0.0,3.731304570915608,0.0,5.194255623888589,4.718935985890715,1.860651423253854,-1.8706531476617538,0.5000247585718797,13.644496180694912,,4.863227986045992e-05,6.589589133552469,,
582,loss-abort,10000,-1,-0.7506330850173423,0.0,0.8681485481604699,0.0,0.06859603076390484,-0.8192291157812472,-0.037527382875446526,-0.9056759310359166,1.0,0.11751546314312766,,5.417863457013103e-07,0.08644681525466935,,
583,loss-abort,10000,-1,-0.08755602570059798,0.0,1.2130789362266112,0.0,0.21271935472334313,-0.30027538042394036,0.16863877465653943,-1.0444401615700682,1.0,1.1255229105260105,,9.593157481845488e-07,0.7441647811461278,,
584,loss-abort,10000,-1,-1.1317982775439572,0.0,2.0587195963136073,0.0,-0.11854378391720753,-1.0132544936267482,0.7515253683934653,-1.3071942279201425,1.0,0.9269213187696521,,5.728861527378551e-06,0.29393973429339426,,
585,loss-abort,10000,-1,-0.09819165830843261,0.0,-0.3042680214296214,0.0,0.20208371709729517,-0.30027537540572724,-6.716601577583051,6.412333556153446,0.5000009934497904,13.22712679204493,,5.6204466532492015e-08,6.712608931559173,,
586,loss-abort,10000,-1,-0.6952641138322924,0.0,0.6378267347379741,0.0,0.12396500127314357,-0.8192291151054368,-0.13246529644662353,-0.7702920311845973,1.0,0.05743737909431945,,3.7225208996373876e-07,0.04893708392083951,,
587,loss-abort,10000,-1,-1.2649892132748335,0.0,1.26511594434189,0.0,-0.22054905125512955,-1.0444401620197024,0.2206757823211171,-1.044440162020773,1.0,0.0001267310670582944,,1.5049937144170319e-06,1.070699084948501e-12,,
588,loss-abort,10000,-1,-0.8966809869874184,0.0,-0.1975592702984503,0.0,-0.08221457887814974,-0.8144664081092665,-6.31882640398668,6.121267133688234,0.500001978363207,13.336774524662331,,2.9461813104619646e-07,6.935733541797501,,
589,loss-abort,10000,-1,1.8228182389411676,0.0,2.0980063887459184,0.0,7.356774460696196,5.533956221755055,0.9971185622437034,-1.1008878265022155,0.5000012606565982,14.98873707119717,,1.2525558307038634e-07,6.63484404825727,,
590,hit condition,10000000,-1,0.32197542893821296,0.0,-0.7568519417420206,0.0,15.931023898903439,15.60904846996528,-16.148505749719906,15.391653807977715,2.0058649005377096e-14,8.718882889979795e-05,NOT IMPORTANT,2.0121506617307397e-28,0.21739466198756574,4.3766105406461975e-08,1.384005639618521e-08
591,loss-abort,10000,-1,0.0583736830436482,0.0,1.1696787069470596,0.0,6.049959061469909,5.991585378426254,0.26364429787419275,-0.9060344090728666,0.5000029470920473,13.21122314684322,,6.706660498212186e-07,6.89761978749912,,
592,loss-abort,10000,-1,0.222156261252083,0.0,0.790839729331961,0.0,6.391979255212584,6.169822993960502,0.0026812183403450607,-0.7881585109916152,0.5000017516551277,13.352641978505046,,2.27942933431462e-07,6.957981504952118,,
593,hit condition,10000000,-1,1.7226654663379999,0.0,-2.5662436604381567,0.0,16.631509316820416,14.908843850476455,-17.053382951350354,14.487139290912566,2.0052196396322043e-14,0.00016907496604900984,NOT IMPORTANT,2.0108562058967675e-28,0.42170455956388864,8.48431369604441e-08,2.6829752475481538e-08
594,loss-abort,10000,-1,0.1170650070412057,0.0,0.18312288318412212,0.0,6.512566521225962,6.3955015141847475,-0.23661709732458105,-0.41973998050870365,0.5000012389885261,13.091190918594831,,9.110919265828795e-08,6.815241494693451,,
595,loss-abort,10000,-1,-0.7479018341536575,0.0,0.7467197712104774,0.0,0.07132728159512311,-0.8192291157487799,-0.07250934452422417,-0.8192291157347014,1.0,0.0011820629431795737,,4.473370769220283e-07,1.4078516130666685e-11,,
596,loss-abort,10000,-1,-1.153382813555758,0.0,-0.5492172265425965,0.0,-0.2617027419501239,-0.8916800716056345,-6.548657544330079,5.999440317787486,0.5000017758257309,13.701480675673324,,2.4302203291261254e-07,6.89112038939312,,
597,loss-abort,10000,-1,-0.4907600858045696,0.0,2.6659200838545853,0.0,0.16654127692352977,-0.6573013627280994,1.168728799294467,-1.4971912845601176,1.0,2.175159998050015,,1.9572233540040176e-05,0.8398899218320183,,
598,loss-abort,10000,-1,-1.5976430661390386,0.0,-0.18893218277030294,0.0,-0.6065832552557744,-0.9910598108832641,-5.971132414137916,5.782200231367611,0.5000039315381336,13.350975711644566,,1.2107026881560505e-06,6.773260042250875,,
599,loss-abort,10000,-1,1.4322564512831464,0.0,0.871188433580781,0.0,7.5652955202507695,6.133039068967623,0.0567220590962277,-0.8144663744845532,0.5000005621586285,14.569523022799173,,2.3746134251385227e-08,6.947505443452176,,
600,loss-abort,10000,-1,-1.7964779759689662,0.0,0.11436413704407253,0.0,-0.5597066059937752,-1.2367713699751899,-0.3077118828820727,-0.42207601992614535,1.0,1.6821138389248924,,3.3073587979799085e-06,0.8146953500490446,,
601,loss-abort,10000,-1,-2.622327747186129,0.0,1.1172338368758779,0.0,-1.1355015392384826,-1.4868262079476466,0.13733275412428214,-0.9799010827515942,1.0,1.5050939103102532,,1.7938017315665066e-05,0.5069251251960525,,
602,hit condition,10000000,-1,0.8722396148249728,0.0,-0.8228726421875687,0.0,16.20621115271883,15.333971537890916,-16.1815227178862,15.358650075699568,2.005740982528298e-14,9.897023979021924e-06,NOT IMPORTANT,2.0119020204827423e-28,0.02467853780865248,4.967738220784668e-09,1.5709440206593352e-09
603,loss-abort,10000,-1,-1.5414705544894596,0.0,0.09024235396531818,0.0,-0.39009693414635543,-1.151373620343105,-0.21003302649806863,-0.30027538046338625,1.0,1.4512282005241428,,1.9366644522178753e-06,0.8510982398797189,,
604,loss-abort,10000,-1,-1.0724442498002704,0.0,-1.4635616055997267,0.0,-0.19676448261351115,-0.875679767186759,-7.501843699729396,6.038282094129653,0.500000658518663,14.612570043659318,,3.325342413283857e-08,6.913961861316412,,
605,loss-abort,10000,-1,0.12788268227799465,0.0,1.4778096473391766,0.0,5.9691316448027045,5.841248962524707,0.5089072651432838,-0.9689023821958931,0.5000037135294926,13.288190254666588,,1.0772853272428124e-06,6.8101513447206,,
606,loss-abort,10000,-1,-0.7072627616760976,0.0,-1.3371898105180797,0.0,0.050622253346794224,-0.7578850150228915,-7.544323217674867,6.207133407156784,0.500000533074949,14.458719386507747,,2.0796726080530575e-08,6.965018422179675,,
607,loss-abort,10000,-1,-1.261784890907196,0.0,1.7273885659426114,0.0,-0.21734472891457585,-1.044440161992617,0.5103524514482418,-1.2170361144943702,1.0,0.46560367503541933,,3.0545838811501195e-06,0.1725959525017533,,
608,loss-abort,10000,-1,-1.4567849744065635,0.0,-1.5323731972884627,0.0,-0.4963252629012486,-0.9604597115053136,-7.383944875573088,5.8515716782846345,0.500000893013861,14.692301528264284,,6.224637370546481e-08,6.812031389789948,,
609,loss-abort,10000,-1,0.8726252046261138,0.0,0.21567418001956826,0.0,7.2603525452971285,6.387727340671019,-0.2913001707973973,-0.5069743508169652,0.5000005911316617,13.863754065987715,,2.1567260519637287e-08,6.894701691487985,,
610,loss-abort,10000,-1,1.5824832986914474,0.0,0.40186201064853616,0.0,7.913009064571819,6.330525765880357,-0.23188493838477658,-0.6337469490333133,0.500000325897797,14.645396841100712,,7.149264534250049e-09,6.964272714913671,,
611,loss-abort,10000,-1,-1.0882230005131353,0.0,1.6775295136610937,0.0,-0.10832191803702218,-0.9799010824761126,0.48123970424530266,-1.1962898094157917,1.0,0.5893065131479596,,2.6773153451320235e-06,0.21638872693967903,,
612,loss-abort,10000,-1,-1.9176882546320715,0.0,0.8150428352957506,0.0,-0.644145395982172,-1.2735428586499,-0.04913659369882518,-0.8641794289945747,1.0,1.1026454193363224,,4.266945641650968e-06,0.40936342965532535,,
613,loss-abort,10000,-1,-0.49990662438144623,0.0,1.5904654060423584,0.0,0.2167481201593156,-0.7166547445407615,0.41602792865857086,-1.1744374773837878,1.0,1.0905587816609128,,2.158932651260114e-06,0.4577827328430263,,
614,loss-abort,10000,-1,-0.3390793163571764,0.0,0.5528825950428258,0.0,0.25158601361838,-0.5906653299755573,-0.16377215021555608,-0.7166547452583817,1.0,0.2138032786856483,,2.10200882721111e-07,0.12598941528282437,,
615,loss-abort,10000,-1,-0.381036392548549,0.0,0.268496699381873,0.0,0.20962893802364652,-0.5906653305721957,-0.24556151384898203,-0.5140582132308558,1.0,0.11253969316667545,,1.2456996450419854e-07,0.07660711734133996,,
616,hit condition,10000000,-1,0.6599157457458307,0.0,-0.6346128580462748,0.0,16.100027934637478,15.440112188889552,-16.087373954341835,15.45276109629332,2.0058215246898416e-14,5.0728918754572305e-06,NOT IMPORTANT,2.0120636189560955e-28,0.012648907403768561,2.5464181874212954e-09,8.052509227659636e-10
617,loss-abort,10000,-1,-0.34547333529348545,0.0,2.054014047747407,0.0,0.2451919947746202,-0.5906653300681058,0.7468198198477041,-1.307194227899701,1.0,1.7085407124539196,,5.620243678612113e-06,0.7165288978315952,,
618,loss-abort,10000,-1,-0.08740150943964801,0.0,3.368111695592957,0.0,0.21287387098202074,-0.3002753804216683,1.607184348988385,-1.7609273466045723,1.0,3.2807101861533097,,8.083616468203858e-05,1.460651966182904,,
619,loss-abort,10000,-1,-0.024307251207751804,0.0,-2.1532829007434158,0.0,0.2759680090074161,-0.3002752602151678,-8.573891607953277,6.420608707209869,0.5000001537946608,15.018807566370898,,1.3417096500019344e-09,6.720883967425037,,
620,loss-abort,10000,-1,-2.646175835992203,0.0,1.9364965671336942,0.0,-1.1593496279836588,-1.486826208008545,0.6629537083918934,-1.273542858741801,1.0,0.7096792688585094,,1.930837407314522e-05,0.21328334926674408,,
621,loss-abort,10000,-1,-0.6409030175071917,0.0,-1.550001682815103,0.0,0.08191199596095926,-0.7228150134681517,-7.785949143287669,6.235947460472556,0.50000040675948,14.662799621267418,,1.1903451769454788e-08,6.958762473940708,,
622,hit condition,10000000,-1,2.334567595280851,0.0,-0.3666357180219514,0.0,16.93752170327029,14.602954107991017,-15.953358520614051,15.5867228025921,2.005538802603951e-14,0.0003944880551554064,NOT IMPORTANT,2.0114966330069901e-28,0.983768694601082,1.9798875783294534e-07,6.260954019007176e-08
623,loss-abort,10000,-1,-0.7151481527672805,0.0,1.0269665047270686,0.0,0.10408096258516901,-0.8192291153524497,0.08283003982000328,-0.9441364649070655,1.0,0.311818351959788,,6.880605976567086e-07,0.1249073495546158,,
624,loss-abort,10000,-1,-0.0651454764285869,0.0,0.4560674415151461,0.0,0.23512990366211756,-0.3002753800907037,-0.20123392074412694,-0.6573013622592735,1.0,0.3909219650865604,,1.4041465534384013e-07,0.3570259821685698,,
625,hit condition,10000000,-1,0.13265371575116897,0.0,-1.139707191047212,0.0,15.836344062470964,15.703690346719792,-16.339971750730534,15.200264559682767,2.005826002433371e-14,0.00020190122254426512,NOT IMPORTANT,2.0120726647167222e-28,0.5034257870370258,1.0134619188306715e-07,3.204846686745177e-08
626,loss-abort,10000,-1,-1.5193138094464154,0.0,1.1154145177608301,0.0,-0.3679401892559141,-1.1513736201905005,0.13551343502627655,-0.979901082734553,1.0,0.40389929168558514,,2.0023402891911743e-06,0.17147253745594748,,
627,hit condition,10000000,-1,0.48970317349586445,0.0,-0.3354509428094062,0.0,16.014904585587303,15.525201412091118,-15.937763006757617,15.602312063948208,2.0059159068411676e-14,3.092697259532429e-05,NOT IMPORTANT,2.0122529955507567e-28,0.07711065185709032,1.552479034216958e-08,4.909369909744483e-09
628,loss-abort,10000,-1,-4.002409920896558,0.0,-1.0626113959023609,0.0,-1.9974932496451296,-2.0049166712514173,-5.646591990226732,4.583980594324349,0.5000180255607607,14.232982505447627,,2.5839610414947675e-05,6.588897265575767,,
629,loss-abort,10000,-1,-0.25198393853823975,0.0,1.6971009215316772,0.0,0.26207427445080134,-0.5140582129890424,0.5008111119981262,-1.1962898095335515,1.0,1.4451169829934365,,2.6825837086455926e-06,0.682231596544509,,
630,loss-abort,10000,-1,0.6169230606312766,0.0,2.477572181843211,0.0,5.961655780940868,5.344732720309591,1.2151164430569836,-1.262455738786227,0.5000061470658853,13.783960683093671,,2.9849227448428765e-06,6.607188459095818,,
631,loss-abort,10000,-1,-3.03599632325618,0.0,-1.1200938196217318,0.0,-1.5058561232220442,-1.5301402000341355,-6.185994796504885,5.065900976883179,0.5000064913310622,14.287892096644242,,3.3338543620824407e-06,6.596041176917314,,
632,hit condition,10000000,-1,0.22332772112948102,0.0,-2.000253877606927,0.0,15.881690155478678,15.658362434349185,-16.77033134202134,14.77007746440675,2.0056348010479424e-14,0.00035621660022755464,NOT IMPORTANT,2.0116891808270086e-28,0.8882849699424344,1.7878946145799546e-07,5.653819399725363e-08
633,loss-abort,10000,-1,-0.03839520863382245,0.0,0.5143585400640696,0.0,0.2618801710492132,-0.30027537968303547,-0.20229620467624607,-0.7166547447403148,1.0,0.4759633314302464,,1.7404785244698584e-07,0.4163793650572793,,
634,loss-abort,10000,-1,0.637487058971769,0.0,1.2441291014110896,0.0,6.593008271618885,5.955521212647114,0.325138499946921,-0.91899060146417,0.5000017750594106,13.792658585677088,,2.4412131876955824e-07,6.874511814111284,,
635,loss-abort,10000,-1,-2.48763579164578,0.0,-1.804327437975072,0.0,-1.2207667417619623,-1.2668690498838182,-7.144033033975024,5.33970559599995,0.5000018938745318,14.971374421620755,,2.8334024480159686e-07,6.606574645883768,,
636,loss-abort,10000,-1,-0.3632299719039548,0.0,0.18262339591293172,0.0,0.227435358418084,-0.5906653303220387,-0.23945262504593987,-0.4220760209588718,1.0,0.18060657599102276,,1.0900411410674153e-07,0.1685893093631669,,
637,loss-abort,10000,-1,-1.520520264070043,0.0,-1.037982067634905,0.0,-0.5437498574431987,-0.9767704066268439,-6.858207043908562,5.8202249762736376,0.50000155882348,14.198952284252242,,1.900152792793251e-07,6.796995382900482,,
638,loss-abort,10000,-1,-0.6808737452804984,0.0,0.9720675672616919,0.0,0.08941828644023206,-0.770292031720731,0.027931102917528493,-0.9441364643441628,1.0,0.29119382198119237,,6.144501114489904e-07,0.17384443262343174,,
639,loss-abort,10000,-1,0.46893513779719087,0.0,1.2901734620551473,0.0,6.402060232749113,5.933125094951932,0.35941941605516553,-0.9307540459999818,0.5000021971873161,13.625358789756191,,3.748356607340134e-07,6.863879140951914,,
640,loss-abort,10000,-1,0.44611548099786086,0.0,3.7842356939467647,0.0,5.138679477192811,4.692563996194953,1.8873987245400556,-1.8968369694067109,0.5000268729419259,13.61547916733453,,5.731468841715195e-05,6.589400965601664,,
641,loss-abort,10000,-1,-0.46977359893950954,0.0,0.013511384373025744,0.0,0.1875277635069303,-0.6573013624464396,-0.2867639949208693,-0.300275379293895,1.0,0.4562622145664836,,1.4403750318338227e-07,0.3570259831525446,,
642,loss-abort,10000,-1,0.13370049868750242,0.0,2.030353943072956,0.0,5.701332911162404,5.567632412474905,0.9465401434522721,-1.0838137996206822,0.5000063814672906,13.299319266710263,,3.2079492200051958e-06,6.651446212095587,,
643,loss-abort,10000,-1,3.4771577788904935,0.0,0.38229102442625756,0.0,9.814313125206445,6.33715534631599,-0.19414903120615032,-0.5764400556324076,0.5000000483588954,16.533759495948694,,1.530226440012887e-10,6.913595401948398,,
644,loss-abort,10000,-1,0.3960683126089161,0.0,1.8068054160759672,0.0,6.074752966271291,5.678684653662366,0.7760377874113417,-1.0307676286646243,0.5000039311254443,13.560243036009624,,1.2144535368590303e-06,6.70945228232699,,
645,loss-abort,10000,-1,-0.7231538724110529,0.0,-0.4920533196304908,0.0,0.03473117050749628,-0.757885042918549,-6.692201906602118,6.20014858697163,0.5000012586162256,13.615504365984801,,1.1612211486296789e-07,6.958033629890179,,
646,loss-abort,10000,-1,-4.070107527823473,0.0,0.461487514097664,0.0,-1.9881962052933282,-2.0819113225301455,-0.1958138482359308,-0.6573013623335945,1.0,3.60862001372581,,0.0003313322374801856,1.424609960196551,,
647,loss-abort,10000,-1,-0.9695524536519213,0.0,1.205357426815909,0.0,-0.025415989334293936,-0.9441364643176268,0.19210293251949703,-1.0132544942964115,1.0,0.23580497316398785,,1.0808315669159518e-06,0.06911802997878469,,
648,loss-abort,10000,-1,-0.03198382752880001,0.0,-1.708187994921896,0.0,0.2682914818128909,-0.300275309341691,-8.128006260237171,6.4198182653152545,0.5000002403975787,14.579808353081226,,3.2797356521482455e-09,6.7200935746569455,,
649,loss-abort,10000,-1,-0.1947712876570724,0.0,-0.25987245078375315,0.0,0.22496869047862567,-0.41973997813569813,-6.6529152601038755,6.393042809320121,0.500001079399975,13.240729357081069,,6.925524810930381e-08,6.812782787455819,,
650,loss-abort,10000,-1,-0.3674893226569305,0.0,-0.22726991102659908,0.0,0.20895119004923213,-0.5764405127061626,-6.569625936625451,6.342356025598841,0.5000012341486932,13.279471284881222,,9.950184048167275e-08,6.918796538305004,,
651,loss-abort,10000,-1,0.2448732424010947,0.0,0.146370872454129,0.0,6.647918624016069,6.403045381614986,-0.27336910502586825,-0.41973997747999725,0.5000010740100695,13.197334878085185,,6.814185136878151e-08,6.822785359094984,,
652,loss-abort,10000,-1,-0.19190220453867823,0.0,0.5525419595990717,0.0,0.23017381655521285,-0.42207602109389153,-0.16411278565481624,-0.7166547452538872,1.0,0.36063975506039225,,1.9174866050608801e-07,0.29457872415999564,,
653,loss-abort,10000,-1,-0.03872216633516204,0.0,0.17149357148089228,0.0,0.2615532133529227,-0.30027537968808465,-0.2505824493143645,-0.42207602079525647,1.0,0.13277140514573,,4.448467070150211e-08,0.12180064110717181,,
654,hit condition,10000000,-1,0.016368273280371718,0.0,-0.7997005787303425,0.0,15.778189683050263,15.761821409769892,-16.169934363393313,15.370233784659506,2.0059177457039735e-14,0.0001570552326644048,NOT IMPORTANT,2.0122567210592327e-28,0.39158762511038603,7.883907393591016e-08,2.493110704246984e-08
655,loss-abort,10000,-1,-1.15013875332804,0.0,-0.1544575097424398,0.0,-0.25845867681507,-0.8916800765129703,-6.155462748169031,6.001005238426593,0.5000026271389197,13.306606739923664,,5.318218600888591e-07,6.8926853149395635,,
656,loss-abort,10000,-1,-0.7862143339029917,0.0,1.6043223665780402,0.0,0.07796509475331526,-0.8641794286563059,0.42988488910396605,-1.1744374774740753,1.0,0.8181080326750507,,2.2416794465207646e-06,0.3102580488177694,,
657,hit condition,10000000,-1,0.5294218527283028,0.0,-2.0063573790342297,0.0,16.03476790684751,15.505346054117666,-16.77338370439789,14.767026325364453,2.005572021369237e-14,0.0002960687971675924,NOT IMPORTANT,2.0115631725764657e-28,0.7383197287532131,1.485957366043067e-07,4.69900903253718e-08
658,hit condition,10000000,-1,0.8276989992438516,0.0,-0.33673193334038193,0.0,16.18393638021049,15.356237380962888,-15.938403630440586,15.601671697100183,2.0058476886599568e-14,9.843363260841897e-05,NOT IMPORTANT,2.0121161299361096e-28,0.24543431613729538,4.9410289193474455e-08,1.5624905114308332e-08
659,hit condition,10000000,-1,0.6244904934844303,0.0,-0.8068956164589127,0.0,16.082311757356933,15.457821263870384,-16.173532603489473,15.366636987028137,2.005794007760415e-14,3.656929029105527e-05,NOT IMPORTANT,2.012008410652205e-28,0.09118427684224706,1.8356077546854976e-08,5.804706676522376e-09
660,loss-abort,10000,-1,0.17861394260963895,0.0,0.3686123854485804,0.0,6.520596560020568,6.341982617410933,-0.20782812816692287,-0.5764405136155024,0.5000012966502393,13.23119156288008,,1.0985751637743687e-07,6.918423131026435,,
661,loss-abort,10000,-1,-1.7733358834849098,0.0,0.9509588383360528,0.0,-0.5562997687285512,-1.217036114756359,0.04528290639843681,-0.9056759319376154,1.0,0.8223770451488582,,3.1839110545206265e-06,0.31136018281874367,,
662,loss-abort,10000,-1,-0.8986423624174693,0.0,-1.4238236315295536,0.0,-0.06116532040050764,-0.8374770420169618,-7.544165216683779,6.120341585154232,0.5000005815005132,14.563149164255481,,2.5559502649786888e-08,6.957818627171195,,
663,loss-abort,10000,-1,-0.40653168183839905,0.0,0.3262242531280628,0.0,0.25076967972263264,-0.6573013615610304,-0.26444107665962513,-0.5906653297876876,1.0,0.08030742871033525,,1.5694619828451113e-07,0.06663603177334276,,
664,loss-abort,10000,-1,-2.246178680466314,0.0,2.2947702634801073,0.0,-0.8791997620387375,-1.3669789184275756,0.9141424935473552,-1.3806277699327527,1.0,0.04859158301379485,,1.2414122042307089e-05,0.01364885150517714,,
665,hit condition,10000000,-1,1.15170394040903,0.0,-0.9723137846102641,0.0,16.3459713278865,15.194267387474797,-16.256258268824674,15.283944484209776,2.0056547536644487e-14,3.596232684799361e-05,NOT IMPORTANT,2.0117290211849308e-28,0.08967709673497914,1.8050068106845174e-08,5.707927372495045e-09
666,loss-abort,10000,-1,0.04135058224104708,0.0,2.184952974177555,0.0,5.532013084910329,5.490662502669283,1.0527559235311128,-1.1321970506464416,0.5000081636207492,13.207628561757165,,5.2562209690541245e-06,6.622859553315724,,
667,loss-abort,10000,-1,-0.6836976839613049,0.0,-0.325064322296845,0.0,0.0741873614031459,-0.7578850453644504,-6.542551500923209,6.2174871786263655,0.5000014366653484,13.44373636351088,,1.5070086557889695e-07,6.975372223990816,,
668,loss-abort,10000,-1,-0.7112304864225757,0.0,1.722357173613999,0.0,0.10799862888159345,-0.8192291153041696,0.5053210591490558,-1.2170361144649433,1.0,1.0111266871914228,,2.852308135262836e-06,0.39780699916077367,,
669,loss-abort,10000,-1,-0.3834207423379875,0.0,1.032635159780429,0.0,0.20724458826736816,-0.5906653306053559,0.0884986948169815,-0.9441364649634473,1.0,0.649214417442441,,6.366061133690327e-07,0.3534711343580914,,
670,loss-abort,10000,-1,-1.6536477206940625,0.0,-2.0215714762878614,0.0,-0.6560529334626041,-0.9975947872314587,-7.776087160315372,5.754515684027518,0.5000006648196574,15.184250565036951,,3.464826780305368e-08,6.752110471258977,,
671,loss-abort,10000,-1,-0.03291268393298913,0.0,-0.6332742745180552,0.0,0.26736268194070656,-0.3002753658736956,-7.053027468075307,6.41975319355725,0.5000007043940958,13.505693345565547,,2.8163662030920724e-08,6.720028559430946,,
672,loss-abort,10000,-1,0.12455705938571661,0.0,0.7428801518848424,0.0,6.315992130889295,6.191435071503581,-0.015004897592174923,-0.7578850494770165,0.500001849538549,13.250307354277718,,2.512436759706098e-07,6.949320120980597,,
673,hit condition,10000000,-1,0.44714578207190464,0.0,-0.5062507333391629,0.0,15.99362162362676,15.546475841554882,-16.023180024340835,15.516929291000409,2.0058901186083718e-14,1.1850159602033727e-05,NOT IMPORTANT,2.0122012500543276e-28,0.029546550554472972,5.9484808190291005e-09,1.881071811874139e-09
674,loss-abort,10000,-1,-1.3134418047538194,0.0,-1.4889228738854037,0.0,-0.3826877797281822,-0.9307540250256372,-7.410691898297284,5.92176902441189,0.5000008105051812,14.645902727462992,,5.103196327595598e-08,6.852523049437527,,
675,loss-abort,10000,-1,0.3336581424595188,0.0,2.4300606239419755,0.0,5.70210047483661,5.368442332377108,1.1903485412591768,-1.2397120826827994,0.5000077820559966,13.500603431155694,,4.78299952754939e-06,6.608154415059907,,
676,loss-abort,10000,-1,-0.00834130684172442,0.0,-1.6861427429988762,0.0,0.29193400236283396,-0.3002753092045584,-8.10845430255456,6.42231155955566,0.5000002445336175,14.539107168951944,,3.3900204909253783e-09,6.722586868760218,,
677,loss-abort,10000,-1,-0.2466958417574716,0.0,1.1227910856147931,0.0,0.26736237115328304,-0.5140582129107557,0.14289000281133302,-0.97990108280346,1.0,0.8760952438573204,,7.73743667652322e-07,0.4658428698927043,,
678,hit condition,10000000,-1,0.2729297129923113,0.0,-1.7705014213085921,0.0,15.90649612407884,15.63356641108655,-16.655432088477,14.8849306671648,2.0056709993314944e-14,0.0003002204764097627,NOT IMPORTANT,2.01176174840098e-28,0.7486357439217493,1.5068692960085173e-07,4.765138726803471e-08
679,loss-abort,10000,-1,0.0159870621522448,0.0,0.7710076700433927,0.0,6.194767867195047,6.178780805042805,-0.017150843482598006,-0.78815851352599,0.500002114492234,13.144556342281245,,3.3160626559891126e-07,6.9669393185687944,,
680,hit condition,10000000,-1,1.185317215062741,0.0,-2.829036397503972,0.0,16.36278133436565,15.177464119300025,-17.184805652141353,14.355769254636638,2.0052748532171576e-14,0.00032945311231458163,NOT IMPORTANT,2.0109670767233157e-28,0.821694864663387,1.653268384416151e-07,5.2280945013729023e-08
681,loss-abort,10000,-1,-0.5837247839657205,0.0,0.7156658409704357,0.0,0.13292996169327567,-0.716654745658996,-0.10356327438837916,-0.8192291153588152,1.0,0.1319410570047156,,3.574144364697076e-07,0.10257436969981915,,
682,loss-abort,10000,-1,2.7320842245108516,0.0,1.661512004392691,0.0,8.482692096122445,5.750607871611609,0.6577262989553792,-1.003785705437309,0.5000003292504438,15.894811972126744,,8.500038168727337e-09,6.754393577048918,,
683,loss-abort,10000,-1,-1.5570824010788848,0.0,1.3692576759524706,0.0,-0.40570878063026766,-1.1513736204486165,0.26812938699967115,-1.1011282889527987,1.0,0.18782472512641446,,2.4091521230201774e-06,0.05024533149581778,,
684,loss-abort,10000,-1,-0.6174383114617682,0.0,-0.17600750448985428,0.0,0.10537674796738568,-0.7228150594291534,-6.421922340986381,6.245914836496528,0.5000015754267688,13.285275488944677,,1.780779605581977e-07,6.968729895925682,,
685,loss-abort,10000,-1,-0.4692721012889162,0.0,0.4368266939180923,0.0,0.18802926115072063,-0.6573013624396359,-0.2204746680740692,-0.6573013619921619,1.0,0.03244540737082258,,1.9591988249629875e-07,4.4747394678523733e-10,,
686,hit condition,10000000,-1,2.3964377025750827,0.0,-1.3860662393712493,0.0,16.968462956829182,14.572025254252683,-16.463175967677348,15.077109728310814,2.0053214127224043e-14,0.00020251509370261545,NOT IMPORTANT,2.0110603686371153e-28,0.5050844740581315,1.0162885466513671e-07,3.2137861573709886e-08
687,loss-abort,10000,-1,1.2148784217302273,0.0,0.10895777815851489,0.0,7.625262347529785,6.410383925799564,-0.31078216461935537,-0.41973994277787025,0.5000004012049456,14.144604051487862,,9.465270885370554e-09,6.8301238685774335,,
688,loss-abort,10000,-1,1.1509591313492809,0.0,1.2026705916117815,0.0,7.126579214109428,5.975620082760157,0.2966361997925898,-0.906034391819192,0.5000010203687489,14.304869888481367,,8.04757155267391e-08,6.881654474579349,,
689,loss-abort,10000,-1,-0.15208978427489533,0.0,0.9534477504988526,0.0,0.269986236230722,-0.42207602050561743,0.04777181853527455,-0.9056759319635777,1.0,0.8013579662239567,,5.213668704076186e-07,0.4835999114579602,,
690,hit condition,10000000,-1,1.7371162664797313,0.0,-1.5792802522903482,0.0,16.63873616516621,14.90161989869145,-16.55980233929686,14.98052208700164,2.0054150703488268e-14,3.16375591626894e-05,NOT IMPORTANT,2.0112481828209854e-28,0.07890218831018991,1.587751974341245e-08,5.020911110952685e-09
691,loss-abort,10000,-1,1.8409011085168423,0.0,0.47758895402971224,0.0,8.143428500503083,6.302527391986249,-0.15615798004401749,-0.6337469340737298,0.5000002661773362,14.923544846519043,,4.829315282292503e-09,6.936274326059979,,
692,hit condition,10000000,-1,2.1777592963345254,0.0,-2.920621031627328,0.0,16.8591018399303,14.681342543592645,-17.230607145795428,14.309986114169655,2.0050569872900027e-14,0.00014887644213779083,NOT IMPORTANT,2.0105299576272784e-28,0.3713564294229901,7.470137575182889e-08,2.362265188916771e-08
693,loss-abort,10000,-1,-0.05062112034695983,0.0,-0.6839567186269859,0.0,0.24965424454603907,-0.30027536489299805,-7.101772949868452,6.417816231241457,0.5000006721822272,13.570210301456868,,2.5667919614292896e-08,6.718091596134455,,
694,loss-abort,10000,-1,-0.9348553776669977,0.0,-2.7283774109718157,0.0,-0.09737845284349399,-0.8374769248235036,-8.831735649527475,6.103358238555668,0.500000163207887,15.86994926575014,,2.017282692876508e-09,6.940835163379171,,
695,loss-abort,10000,-1,-0.3531119935458919,0.0,-0.38765613194669285,0.0,0.22332851558427175,-0.5764405091301631,-6.73477520520921,6.347119073262522,0.5000010412991319,13.435006272017622,,7.06524899912879e-08,6.923559582392684,,
696,loss-abort,10000,-1,-1.609726235245575,0.0,-1.2990822781227431,0.0,-0.618666437902979,-0.991059797342596,-7.075309591102088,5.7762273129793575,0.500001311047549,14.46126313932702,,1.3464878066622754e-07,6.767287110321954,,
697,hit condition,10000000,-1,1.0905267863553703,0.0,-0.23141897724822727,0.0,16.315376618842436,15.224849832485987,-15.885736594702031,15.654317617453788,2.0058160268289305e-14,0.00017223917260267285,NOT IMPORTANT,2.012052632664979e-28,0.4294677849678017,8.645679550056684e-08,2.734004133969995e-08
698,loss-abort,10000,-1,1.4460177309881121,0.0,3.036896935373469,0.0,6.511468203509408,5.0654504725212774,1.5067567375983688,-1.5301401977750995,0.500004690056838,14.613815611404155,,1.7403428100442161e-06,6.595590670296377,,
699,hit condition,10000000,-1,0.00782741657374148,0.0,-0.04682564070865154,0.0,15.77391839842475,15.766090981851006,-15.793421420290569,15.746595779581929,2.0060708578061106e-14,7.819596742564272e-06,NOT IMPORTANT,2.0125639183755794e-28,0.019495202269077083,3.925547886751701e-09,1.2413664218487385e-09
700,loss-abort,10000,-1,-2.259256870934633,0.0,-2.8788037619579416,0.0,-1.0955254306697915,-1.163731440264841,-8.332412563449221,5.453608801491176,0.5000005149641525,16.045278235875028,,2.0923806977368293e-08,6.6173402417560165,,
701,loss-abort,10000,-1,-0.3900674721199148,0.0,-1.0542913152564863,0.0,0.18637301745120705,-0.576440489571122,-7.38907056667639,6.3347792514198975,0.5000005479964661,14.113917290216202,,1.9695919572299777e-08,6.91121974099102,,
702,loss-abort,10000,-1,0.8776787033649072,0.0,1.3738072362635905,0.0,6.769954532156373,5.892275828791457,0.4323117143719422,-0.9414955218916485,0.5000015842847069,14.03603759721142,,1.953941740821251e-07,6.833771350683106,,
703,loss-abort,10000,-1,-0.3621125142414969,0.0,0.459094797120955,0.0,0.22855281606469374,-0.5906653303061906,-0.1982065651798797,-0.6573013623008346,1.0,0.09698228287945798,,1.7233839091504263e-07,0.06663603199464396,,
704,loss-abort,10000,-1,-1.2792909800711292,0.0,0.43193447825189657,0.0,-0.2348508179315938,-1.0444401621395352,-0.22536688367152477,-0.6573013619234217,1.0,0.847356501819232,,1.10293974596717e-06,0.38713880021611347,,
705,loss-abort,10000,-1,-2.423263498531613,0.0,0.4432453519774249,0.0,-1.0042231017958199,-1.4190403967357923,-0.21405601010441627,-0.6573013620818421,1.0,1.980018146554186,,1.1955367632232255e-05,0.7617390346539502,,
706,hit condition,10000000,-1,1.3995221446318085,0.0,-3.131156577627335,0.0,16.469905268976163,15.070383124339921,-17.335896013366945,14.204739435738045,2.0051711039825657e-14,0.0003470557889073689,NOT IMPORTANT,2.0107589917203891e-28,0.8656436886018763,1.7415107578244715e-07,5.5071403257804175e-08
707,loss-abort,10000,-1,-1.4265414819695832,0.0,0.7243472403722719,0.0,-0.3254131925784954,-1.1011282893910872,-0.09488187509280363,-0.8192291154650757,1.0,0.7021942415973104,,1.5394628657451702e-06,0.2818991739260115,,
708,loss-abort,10000,-1,0.42724845001463935,0.0,0.36692001889109294,0.0,6.76979163304613,6.3425431830314976,-0.20952048965655234,-0.576440508547645,0.5000010100790159,13.47925483496872,,6.664363990494641e-08,6.918983691579142,,
709,loss-abort,10000,-1,-1.6426630388401078,0.0,1.975558839537768,0.0,-0.4682255611226431,-1.1744374777174649,0.6848326750513857,-1.290726164486381,1.0,0.3328958006976587,,5.351288147262831e-06,0.11628868676891613,,
710,loss-abort,10000,-1,0.4365741004709836,0.0,0.2050250859352741,0.0,6.827129868387125,6.390555767916153,-0.30194927820279827,-0.5069743641380726,0.5000009090799281,13.422710722238552,,5.091807174311614e-08,6.897530132054225,,
711,loss-abort,10000,-1,1.0873537897651415,0.0,0.8619830041590313,0.0,7.224647398725388,6.137293608960234,0.04751661629027503,-0.8144663878687562,0.500000786960179,14.223924011844655,,4.650688849901547e-08,6.95175999682899,,
712,hit condition,10000000,-1,0.8226824927877145,0.0,-0.1935628758241289,0.0,16.181427624127785,15.35874513134142,-15.866804748836806,15.673241873012676,2.0058774887079438e-14,0.00012613361972491077,NOT IMPORTANT,2.0121759321202262e-28,0.3144967416712561,6.331564250672272e-08,2.002216522664059e-08
713,loss-abort,10000,-1,-0.4620222160659058,0.0,-2.6357790788709283,0.0,0.17172460611558538,-0.6337468221814901,-8.94407709966818,6.308298020797207,0.5000001188358983,15.714397336531292,,9.599134880951148e-10,6.942044842978698,,
714,loss-abort,10000,-1,1.149864604422238,0.0,2.2765516848142187,0.0,6.59487179511552,5.445007190693279,1.1073363599563615,-1.1692153248578567,0.5000029520043833,14.316430670623017,,6.876952467270677e-07,6.614222515551136,,
715,loss-abort,10000,-1,-1.9630754433667308,0.0,0.5056719205187127,0.0,-0.6895325844979727,-1.2735428588687578,-0.21098282410200261,-0.7166547446207151,1.0,1.457403522848018,,4.656981904214586e-06,0.5568881142480427,,
716,loss-abort,10000,-1,-0.2289386310713179,0.0,-1.2253304800459732,0.0,0.27803570420741913,-0.5069743352787359,-7.60949894461611,6.384168464570125,0.5000004184055792,14.222606040257553,,1.0828637239219198e-08,6.891142799848861,,
717,loss-abort,10000,-1,-0.8153753570758965,0.0,-2.5575954281336095,0.0,-0.027216981497306978,-0.7881583755785896,-8.716234582159057,6.158639154025591,0.5000001733382556,15.690249093260546,,2.2359945009553663e-09,6.946797529604181,,
718,hit condition,10000000,-1,0.9634912901340458,0.0,-0.33293695558076275,0.0,16.25184613724439,15.288354847110066,-15.936505761118271,15.603568805537504,2.0058211507454548e-14,0.0001264176986808252,NOT IMPORTANT,2.012062892749049e-28,0.3152139584274387,6.345653957851027e-08,2.0066727633424327e-08
719,loss-abort,10000,-1,0.6212840761539636,0.0,1.8259648779535322,0.0,6.290464309946741,5.669180233792765,0.7904152941210484,-1.035549583832483,0.5000031986179748,13.785609421693037,,8.04236662198543e-07,6.704729817625248,,
720,hit condition,10000000,-1,0.6050225662473727,0.0,-1.511565316436957,0.0,16.072575842192414,15.467553275946287,-16.525938084628113,15.014372768184948,2.005656263298823e-14,0.00018173467436000124,NOT IMPORTANT,2.0117320977960771e-28,0.45318050776133845,9.12157585020168e-08,2.884495559844984e-08
721,hit condition,10000000,-1,1.6443571016202077,0.0,-0.14208575705468252,0.0,16.592347286209133,14.947990184588665,-15.841061028717672,15.698975271662983,2.0057226658528073e-14,0.00030117041714383674,NOT IMPORTANT,2.0118654078376936e-28,0.7509850870743175,1.5116771479029012e-07,4.7803422186263846e-08
722,hit condition,10000000,-1,0.06580132511317215,0.0,-1.2137646948893521,0.0,15.80291116490708,15.737109839793895,-16.377007925628995,15.163243230740612,2.0058245598286798e-14,0.0002301516686316063,NOT IMPORTANT,2.0120697886566548e-28,0.5738666090532831,1.1552677925408261e-07,3.653277134044898e-08
723,loss-abort,10000,-1,-0.053031621319204886,0.0,-0.8006045787375935,0.0,0.24724373991486137,-0.30027536123406595,-7.218150488937196,6.4175459101996,0.5000005984974457,13.688728020456,,2.0351082064731493e-08,6.717821271433666,,
724,loss-abort,10000,-1,-1.2884765554265352,0.0,-1.0435382346280149,0.0,-0.3577225189904315,-0.9307540364361023,-6.977485899190463,5.933947664562474,0.5000012348256841,14.19991011917947,,1.1838381215974e-07,6.864701700998577,,
725,loss-abort,10000,-1,1.5353533113355586,0.0,1.4294858720320616,0.0,7.400331963142175,5.86497865180663,0.469026161450959,-0.9604597105811021,0.5000008667998022,14.694796486980866,,5.861779285237923e-08,6.825438362387732,,
726,loss-abort,10000,-1,-1.244110090572553,0.0,-1.137597883197291,0.0,-0.32511949896630543,-0.9189905916062476,-7.093123676218853,5.955525793021567,0.5000010764987839,14.292759559812975,,8.978394822082414e-08,6.874516384627815,,
727,hit condition,10000000,-1,0.19530200620585186,0.0,-1.5203370285100084,0.0,15.867674488379212,15.672372482173365,-16.5303248198127,15.009987791302484,2.0057368909657752e-14,0.00026564056260802715,NOT IMPORTANT,2.011893917763904e-28,0.6623846908708817,1.333349803900319e-07,4.216422519960761e-08
728,loss-abort,10000,-1,-1.1550132314291524,0.0,0.8166111135411206,0.0,-0.14175873758571664,-1.0132544938434345,-0.04756831547157897,-0.8641794290126991,1.0,0.3384021178880309,,9.217713097487781e-07,0.1490750648307354,,
729,loss-abort,10000,-1,2.539126875508519,0.0,0.6860479030671807,0.0,8.755512994868653,6.216386119360102,-0.07183699608246834,-0.7578848991496492,0.5000001573101827,15.657947017295935,,1.8067495225529208e-09,6.974271018509752,,
730,loss-abort,10000,-1,0.04758991464443673,0.0,0.3192276444721576,0.0,6.4057808458722105,6.358190931227767,-0.2572128705400927,-0.57644051501225,0.500001431025901,13.083199421572136,,1.3262861130299013e-07,6.934631446240017,,
731,hit condition,10000000,-1,0.22731814941208311,0.0,-0.6916724405348686,0.0,15.883685769668958,15.656367620256887,-16.115909465410006,15.42423702487064,2.0058970413966427e-14,9.31003548014786e-05,NOT IMPORTANT,2.0122151534831828e-28,0.2321305953862467,4.673425735290948e-08,1.477866583616904e-08
732,hit condition,10000000,-1,0.4481424188057775,0.0,-0.11421973263674758,0.0,15.994120041903724,15.54597762309795,-15.827125222833176,15.712905490196402,2.0059687546300488e-14,6.69519720961631e-05,NOT IMPORTANT,2.0123590424010792e-28,0.1669278670984511,3.3609602212436585e-08,1.0628285193135603e-08
733,loss-abort,10000,-1,0.7249408756001462,0.0,0.12748801204813226,0.0,7.131733333118623,6.406792457518481,-0.29225195251744873,-0.41973996456558094,0.5000006595731383,13.666013802685237,,2.5639339675052583e-08,6.826532422084062,,
734,loss-abort,10000,-1,1.540138332544214,0.0,0.9565173741872997,0.0,7.633397138417244,6.093258805873013,0.11904033493079418,-0.837477039256506,0.5000005464608744,14.683173318477557,,2.264818728871195e-08,6.93073584512952,,
735,hit condition,10000000,-1,0.4104267808320938,0.0,-0.6365282071166515,0.0,15.975258442010302,15.5648316611782,-16.0883318208748,15.45180361375947,2.005871306635375e-14,4.533144576512882e-05,NOT IMPORTANT,2.0121635070123263e-28,0.11302804741873018,2.2755020978593166e-08,7.1957633509980036e-09
736,loss-abort,10000,-1,2.384907168713101,0.0,2.5056781087077273,0.0,7.715602828542772,5.330695659829721,1.2301119042792195,-1.2755662044285077,0.5000010790325893,15.55197659708022,,9.198062159359731e-08,6.6062618642582285,,
737,loss-abort,10000,-1,1.8039886234298368,0.0,1.3331434126046682,0.0,7.7161376403450985,5.912149016915271,0.3916479184053277,-0.9414954941993404,0.500000602948628,14.961430069865038,,2.827536665657497e-08,6.853644511114612,,
738,loss-abort,10000,-1,-1.7582992025549238,0.0,0.14905809527102237,0.0,-0.5412630878829822,-1.2170361146719433,-0.27301792518883083,-0.42207602045985326,1.0,1.6092411072839028,,3.0487873859728087e-06,0.79496009421209,,
739,hit condition,10000000,-1,4.2498964271420885,0.0,-0.9279038351160126,0.0,17.8953780141682,13.64548158702385,-16.234048842542368,15.306145007428457,2.0050412452386286e-14,0.0006657512212289163,NOT IMPORTANT,2.0104990196195375e-28,1.6606634204046067,3.3404950094961805e-07,1.0563572258052088e-07
740,loss-abort,10000,-1,-1.3147101505351226,0.0,0.3553199894245204,0.0,-0.24104062348084804,-1.073669527054275,-0.23534534078495647,-0.5906653302094764,1.0,0.959390161110603,,1.1964788810267072e-06,0.48300419684479867,,
741,loss-abort,10000,-1,-3.334309557866826,0.0,0.3763804682849721,0.0,-1.5866010141696938,-1.747708543697132,-0.21428486222224347,-0.5906653305072154,1.0,2.957929089581854,,7.551880753503772e-05,1.1570432131899167,,
742,hit condition,10000000,-1,0.12128718877587934,0.0,-0.9822847504861026,0.0,15.830659659444338,15.709372470668479,-16.261244751217454,15.278960000728901,2.0058599360846604e-14,0.00017262183353849991,NOT IMPORTANT,2.0121407342292045e-28,0.4304124699395775,8.665070083679893e-08,2.740135857572487e-08
743,hit condition,10000000,-1,1.934799359741918,0.0,-1.212912423869655,0.0,16.737597523455214,14.802798163713767,-16.376581704696836,15.163669280825383,2.0054489846604277e-14,0.00014470164676261277,NOT IMPORTANT,2.0113162462189074e-28,0.3608711171116159,7.262081780368135e-08,2.2964722437376237e-08
744,hit condition,10000000,-1,0.2587048639181531,0.0,-1.4308055014248122,0.0,15.899382273486566,15.640677409568397,-16.48555008282885,15.054744581407842,2.005742136515066e-14,0.00023498118173037597,NOT IMPORTANT,2.0119044189702733e-28,0.5859328281605549,1.1794618259841627e-07,3.729785592829707e-08
745,loss-abort,10000,-1,-0.5115892469914475,0.0,1.1088055259257064,0.0,0.2050654977108523,-0.7166547447022992,0.12890444325332315,-0.9799010826723827,1.0,0.597216278934259,,7.692501777552114e-07,0.26324633797008357,,
746,loss-abort,10000,-1,-2.4103190144152924,0.0,2.4006068499882307,0.0,-0.9912786177199524,-1.4190403966953418,0.9815664533235866,-1.4190403966646448,1.0,0.009712164427062797,,1.6316595271381986e-05,3.0697000497070803e-11,,
747,loss-abort,10000,-1,-1.1949138360033198,0.0,0.8897381788003244,0.0,-0.1816593417990095,-1.0132544942043105,-0.015937752477918656,-0.9056759312782438,1.0,0.305175657202995,,1.017863496263196e-06,0.10757856292606671,,
748,loss-abort,10000,-1,2.263461087976971,0.0,1.3312823139199204,0.0,8.17650675608743,5.913045668110433,0.4005283265013433,-0.9307539874185773,0.5000003801501218,15.420834738117783,,1.1230265758043516e-08,6.84379965552901,,
749,loss-abort,10000,-1,-1.8826964952845446,0.0,3.37425132616934,0.0,-0.6271153003336409,-1.2555811949509,1.6133239795566592,-1.76092734661268,1.0,1.4915548308847983,,8.193002576250252e-05,0.5053461516617801,,
750,loss-abort,10000,-1,2.2709062950608434,0.0,2.4074837854493083,0.0,7.650603318374761,5.379697023313901,1.1771999240236923,-1.2302838614256146,0.5000010964339344,15.43778412713797,,9.493311853016013e-08,6.609980884739516,,
751,loss-abort,10000,-1,-1.2340670802469005,0.0,-0.6024025336606744,0.0,-0.31507647840733244,-0.9189906018395686,-6.562811334238123,5.960408800577444,0.5000018205583552,13.757287215062469,,2.567260217606145e-07,6.879399402417012,,
752,loss-abort,10000,-1,-1.0247122925101477,0.0,0.7493012655612472,0.0,-0.08057582762559268,-0.944136464884555,-0.06992785020417921,-0.8192291157654263,1.0,0.2754110269489005,,6.948710513115227e-07,0.12490734911912871,,
753,hit condition,10000000,-1,1.1141967864041804,0.0,-0.5654443125282754,0.0,16.327213991407657,15.213017205003972,-16.052782747831067,15.487338435301579,2.0057440991036898e-14,0.00011001327898263469,NOT IMPORTANT,2.0119082915315618e-28,0.27432123029760724,5.521991219836764e-08,1.7462063931532042e-08
754,loss-abort,10000,-1,1.9672971258953709,0.0,1.5223785079801826,0.0,7.786594248337194,5.819297122441811,0.5456081275797215,-0.9767703804004608,0.5000006166041745,15.12826987875919,,2.973018400513273e-08,6.796067502842272,,
755,hit condition,10000000,-1,0.3397409738307816,0.0,-0.5249391432205995,0.0,15.939908452341285,15.600167478510464,-16.032526102719334,15.50758695949707,2.0059079588380357e-14,3.7131364654996446e-05,NOT IMPORTANT,2.0122370483949128e-28,0.09258051901339392,1.863918619449123e-08,5.894223030387516e-09
756,loss-abort,10000,-1,-3.968868341701215,0.0,-0.8726810524544413,0.0,-1.9804679614071588,-1.9884003802940569,-5.473340498624555,4.600659446170129,0.5000210808160002,14.0428682864959,,3.532839136801809e-05,6.589059826464186,,
757,hit condition,10000000,-1,1.4747685894013607,0.0,-4.1833122340976265,0.0,16.50753603310947,15.032767443708217,-17.862079247974126,13.67876701386922,2.0049446801155276e-14,0.0005427850256580768,NOT IMPORTANT,2.0103051247887824e-28,1.3540004298389974,2.723364538326223e-07,8.612034452817824e-08
758,loss-abort,10000,-1,-0.477331759408874,0.0,-1.6522169140609866,0.0,0.1564151900513154,-0.6337469494601887,-7.954849161781502,6.3026322477204975,0.5000003213841855,14.734813168910874,,7.040257382998664e-09,6.9363791971806865,,
759,loss-abort,10000,-1,-0.2400348011323822,0.0,0.27966548047658646,0.0,0.27402341167916894,-0.5140582128115516,-0.23439273291557508,-0.514058213392162,1.0,0.03963067934420417,,9.488372384950298e-08,5.806103375860516e-10,,
760,hit condition,10000000,-1,0.337145616936845,0.0,-3.0004953360812983,0.0,15.938610513709289,15.60146489677245,-17.27055230112455,14.270056965041706,2.005410943718633e-14,0.0005338556845142506,NOT IMPORTANT,2.011240333242847e-28,1.3314079317307446,2.679187058873822e-07,8.472333532389649e-08
761,loss-abort,10000,-1,-0.42266652771706126,0.0,0.029821785845514315,0.0,0.2346348340752111,-0.6573013617922732,-0.2704535937045391,-0.30027537955005335,1.0,0.39284474187154783,,1.3133267240913783e-07,0.3570259822422198,,
762,loss-abort,10000,-1,1.320533540040549,0.0,1.666309454036642,0.0,7.068798030976106,5.748264490935561,0.6625236875820054,-1.0037857664546357,0.5000013570332125,14.483371975948309,,1.444183281277796e-07,6.752050257390197,,
763,loss-abort,10000,-1,-0.6602108405623511,0.0,2.1852332785707564,0.0,0.1100811909039108,-0.7702920314662617,0.8323814947888275,-1.352851783781929,1.0,1.5250224380084054,,7.366040767032347e-06,0.5825597523156673,,
764,loss-abort,10000,-1,0.036931167381960436,0.0,1.2058623506890431,0.0,6.01101458950217,5.974083422120212,0.29982794110368,-0.9060344095853636,0.5000031182294781,13.190960362311426,,7.516633541008707e-07,6.880117831705576,,
765,hit condition,10000000,-1,0.444329649017448,0.0,-0.7597272520761326,0.0,15.992213274789243,15.547883625771796,-16.14994369311222,15.39021644103516,2.00583971802184e-14,6.323358634041654e-05,NOT IMPORTANT,2.012100128679433e-28,0.15766718473663666,3.1740860606532806e-08,1.003733468783287e-08
766,loss-abort,10000,-1,0.558401373704673,0.0,0.5510879471721877,0.0,6.831830548532929,6.273429174828239,-0.1308079378078971,-0.6818958849800852,0.500001017250759,13.656347670533355,,7.262101378105343e-08,6.955325059808325,,
767,loss-abort,10000,-1,-0.10756469946279458,0.0,0.7024343753812691,0.0,0.3145113203565655,-0.4220760198193601,-0.11679473981380757,-0.819229115195077,1.0,0.5948696759184748,,2.914026713901297e-07,0.3971530953757169,,
768,loss-abort,10000,-1,-1.1874149977847643,0.0,0.4364645444504689,0.0,-0.17416050364718202,-1.0132544941375818,-0.22083681753661558,-0.6573013619870847,1.0,0.7509504533342948,,9.05579423133226e-07,0.3559531321504972,,
769,hit condition,10000000,-1,1.184996582680966,0.0,-1.8757943339480712,0.0,16.362620986038728,15.177624403354121,-16.708089097201526,14.832294763253955,2.0054664546055066e-14,0.00013847106263042974,NOT IMPORTANT,2.0113512893369347e-28,0.3453296401001662,6.94943480539223e-08,2.1976032673008822e-08
770,loss-abort,10000,-1,-0.22880162572759785,0.0,0.848025711193559,0.0,0.2852565869151524,-0.514058212642751,-0.016153718176258432,-0.8641794293698173,1.0,0.6192240854659603,,4.103665523613046e-07,0.3501212167270663,,
771,hit condition,10000000,-1,2.5104064169100373,0.0,-0.6085692343390181,0.0,17.025458734419637,14.515052317507669,-16.074349531775034,15.46578029743651,2.005454823183095e-14,0.0003812227157595771,NOT IMPORTANT,2.011328146314444e-28,0.9507279799288408,1.913231457706388e-07,6.050169462554722e-08
772,loss-abort,10000,-1,-0.8447640566630442,0.0,2.0999616411950712,0.0,0.019415372670214946,-0.8641794293332588,0.7769574739710864,-1.3230041672239852,1.0,1.2551975845320278,,6.190750174589266e-06,0.4588247378907264,,
773,loss-abort,10000,-1,-1.609223730258627,0.0,0.6420748784186623,0.0,-0.4347862527529154,-1.174437477505713,-0.12821715281987667,-0.7702920312385395,1.0,0.9671488518399654,,2.2476571804993464e-06,0.4041454462671734,,
774,loss-abort,10000,-1,-0.015908154162712622,0.0,2.5269974028613116,0.0,0.2843672251690866,-0.3002753793317992,1.0727583257118511,-1.4542390771494613,1.0,2.5110892486985996,,1.4766149267668977e-05,1.1539636978176622,,
775,loss-abort,10000,-1,1.2643971034949113,0.0,0.1386374495856666,0.0,7.668969049743127,6.404571946248218,-0.28110249209691834,-0.41973994168258477,0.5000003862858581,14.21217844557701,,8.805703679600635e-09,6.824311887930803,,
776,hit condition,10000000,-1,1.6409219155254366,0.0,-0.6689813412884296,0.0,16.590629348875872,14.949707433350763,-16.104561641167802,15.435580299880455,2.005617402992882e-14,0.0001948411783789794,NOT IMPORTANT,2.0116541421245234e-28,0.4858728665296912,9.779236442852834e-08,3.092466996220111e-08
777,hit condition,10000000,-1,0.4474910502617601,0.0,-2.047072119795627,0.0,15.993794292336156,15.546303242074417,-16.793745155026237,14.746673035226593,2.0055803142812598e-14,0.0003206558422554906,NOT IMPORTANT,2.011579832532787e-28,0.7996302068478247,1.6093667554173408e-07,5.089264767930677e-08
778,loss-abort,10000,-1,-0.04120683192438537,0.0,-0.06695646697722558,0.0,0.25906854673549856,-0.300275378659884,-6.485817815821199,6.418861348843973,0.5000012431944206,12.945885996589556,,8.776395613440597e-08,6.719136727503857,,
779,hit condition,10000000,-1,0.07844901910937514,0.0,-1.6693728952057953,0.0,15.809236279898306,15.730787260788938,-16.60485769015646,14.935484794952826,2.0057304361752658e-14,0.0003189444220428328,NOT IMPORTANT,2.0118810143071132e-28,0.7953024658361123,1.600895807030156e-07,5.06247634696638e-08
780,hit condition,10000000,-1,1.940677696773934,0.0,-1.8884297596580712,0.0,16.740537281082677,14.799859584305494,-16.714408076359245,14.825978316698722,2.005312026234115e-14,1.0472330204791547e-05,NOT IMPORTANT,2.0110414783812416e-28,0.026118732393227262,5.255229140743722e-09,1.661837634833453e-09
781,hit condition,10000000,-1,2.6852635394793416,0.0,-0.6380567420173155,0.0,17.112904817029182,14.427641277552642,-16.089096241549303,15.4510394995333,2.0054137631585426e-14,0.0004103534992214719,NOT IMPORTANT,2.0112458131367903e-28,1.023398221980658,2.059386776664951e-07,6.512353318210783e-08
782,hit condition,10000000,-1,0.1721041033265846,0.0,-0.49368451919052625,0.0,15.856073211287912,15.683969107961337,-16.01689565754751,15.523211138357937,2.0059479556454598e-14,6.447665619901954e-05,NOT IMPORTANT,2.0123173074539694e-28,0.1607579696034005,3.2366637370273565e-08,1.0235227534748832e-08
783,loss-abort,10000,-1,-1.1502399529068024,0.0,1.7331642499099926,0.0,-0.13698545910751062,-1.013254493799291,0.5161281353820258,-1.2170361145279682,1.0,0.5829242970031926,,3.015948667222705e-06,0.20378162072867734,,
784,loss-abort,10000,-1,0.17771862651312068,0.0,2.9997964132618127,0.0,5.261698642545959,5.083980016032837,1.487675253742585,-1.5121211595192277,0.5000160656703463,13.345475071840607,,2.0419259388914833e-05,6.596101175552064,,
785,loss-abort,10000,-1,-1.1256091291104149,0.0,-1.028142094554841,0.0,-0.233929067499182,-0.891680061611233,-7.040946820562269,6.012804726007424,0.5000010710203914,14.179360675680108,,8.830937512618709e-08,6.904484787618657,,
786,hit condition,10000000,-1,1.9682233918874206,0.0,-2.16141038428074,0.0,16.754312889178465,14.78608949729655,-16.85092574553688,14.689515361257822,2.00525163268382e-14,3.87203196865471e-05,NOT IMPORTANT,2.0109203379461781e-28,0.09657413603872733,1.9430512310236736e-08,6.144470602755051e-09
787,loss-abort,10000,-1,2.5882697143262092,0.0,2.3450260996051573,0.0,7.999118257535187,5.410848543208955,1.1442545326205171,-1.2007715669846402,0.5000007500589891,15.754992900349299,,4.4412014644526195e-08,6.611620110193595,,
788,loss-abort,10000,-1,-1.926054176894145,0.0,2.108878137181236,0.0,-0.6525113182031544,-1.2735428586909916,0.7858739699201508,-1.3230041672610844,1.0,0.18282396028708914,,7.63060638668922e-06,0.04946130857009279,,
789,hit condition,10000000,-1,0.9642078156237054,0.0,-0.19127616994463129,0.0,16.25220447181146,15.287996656187856,-15.865661166647815,15.674384996703164,2.005849494871519e-14,0.00015496464833830714,NOT IMPORTANT,2.0121197756368477e-28,0.38638834051530857,7.77869111345808e-08,2.4598373929310538e-08
790,loss-abort,10000,-1,0.5999997285191416,0.0,1.5944871046815174,0.0,6.383756457945339,5.783756729426197,0.6034272972756013,-0.9910598074059167,0.5000025982813053,13.762000292053054,,5.287678328154036e-07,6.774816536832114,,
791,loss-abort,10000,-1,0.4479435948693772,0.0,0.5834417506838203,0.0,6.708158427631521,6.26021483276213,-0.13937330299285755,-0.7228150536766769,0.5000011664793584,13.551815011077469,,9.721599495832995e-08,6.983029886438807,,
792,loss-abort,10000,-1,0.04472116934322041,0.0,0.07888981963901667,0.0,6.459335863794654,6.414614694451431,-0.2213855599786037,-0.3002753796176202,0.5000012819890526,12.952840377885101,,9.349983646653299e-08,6.714890074069051,,
793,loss-abort,10000,-1,-1.271182519231525,0.0,-0.1293143463120222,0.0,-0.3521919114712809,-0.9189906077602447,-6.071688145584671,5.942373799272662,0.5000030292087068,13.285244464088859,,7.114708639854579e-07,6.861364407032907,,
794,loss-abort,10000,-1,-0.3234539115554025,0.0,0.23621880419997984,0.0,0.26721141819148153,-0.5906653297468845,-0.2778394085544408,-0.5140582127544218,1.0,0.08723510735542195,,1.1277525659268389e-07,0.0766071169924627,,
795,loss-abort,10000,-1,-1.7429990528235695,0.0,-0.15402297633642448,0.0,-0.7277138702559156,-1.0152851825676525,-5.864335102080056,5.710312125743633,0.5000047007221675,13.317646280647256,,1.7348630416813313e-06,6.725597308311286,,
796,loss-abort,10000,-1,-1.4968303722575442,0.0,-0.7592521466055194,0.0,-0.5279279961599337,-0.9689023760976108,-6.591140669834648,5.8318885232291455,0.5000020124123656,13.919859565321339,,3.164577223392313e-07,6.800790899326756,,
797,loss-abort,10000,-1,-0.20094997116494923,0.0,-1.2202973424518009,0.0,0.3060243628602293,-0.5069743340251788,-7.611908966190208,6.391611623738389,0.5000004143031973,14.204470561093547,,1.0567718484366126e-08,6.898585957763568,,
798,loss-abort,10000,-1,2.0866440156263555,0.0,1.2798905579447433,0.0,8.024756600971878,5.938112585345526,0.3491365621743014,-0.9307539957704418,0.5000004314922156,15.242759744262148,,1.4451153810490567e-08,6.868866581115968,,
799,loss-abort,10000,-1,1.7502045046175096,0.0,2.231784775410878,0.0,7.217523390952787,5.467318886335261,1.0792369749849051,-1.1525478004259726,0.5000015488629794,14.916627052698926,,1.8926346021007568e-07,6.619866686761234,,
800,loss-abort,10000,-1,-1.3366315230486912,0.0,0.5607029124550138,0.0,-0.2629619958170749,-1.073669527231616,-0.15595183290612,-0.716654745361134,1.0,0.7759286105936767,,1.2602189870309954e-06,0.35701478187048186,,
801,loss-abort,10000,-1,0.34460464146092007,0.0,0.2786907890027056,0.0,6.715120594337436,6.370515952876516,-0.2282835789704765,-0.5069743679731816,0.5000010374095931,13.364327336216657,,6.714250752674196e-08,6.877490320849697,,
802,hit condition,10000000,-1,0.5015315472274404,0.0,-0.8626208638909281,0.0,16.02081995820549,15.519288410977833,-16.20140081307566,15.33877994918591,2.0058075281371897e-14,7.239307824846719e-05,NOT IMPORTANT,2.0120355438889333e-28,0.18050846179192348,3.6338068554186975e-08,1.1491105927249104e-08
803,loss-abort,10000,-1,-2.010205994972789,0.0,-1.0368370681585253,0.0,-0.9335945931942263,-1.0766114017785637,-6.61448857531669,5.57765150715815,0.5000025350751839,14.20234607744763,,5.06143960306238e-07,6.654262908936714,,
804,loss-abort,10000,-1,-0.9018021138361358,0.0,-0.4714545316729651,0.0,-0.06432504359166374,-0.8374770702444742,-6.590335059861831,6.118880528188875,0.5000015115684031,13.611017701886844,,1.727484105855363e-07,6.956357598433349,,
805,hit condition,10000000,-1,0.2915097735318444,0.0,-1.3111599723213647,0.0,15.915788017013144,15.624278243481308,-16.425715326365243,15.11455535404187,2.0057595895892246e-14,0.0002044199126611801,NOT IMPORTANT,2.0119394157580403e-28,0.5097228894394377,1.0260728444677625e-07,3.244727942833109e-08
806,loss-abort,10000,-1,-1.724072100802844,0.0,-0.6141257607668951,0.0,-0.7087869216864499,-1.0152851791163955,-6.333810314938937,5.719684554172044,0.5000029120826378,13.777566969913826,,6.656769800085591e-07,6.734969733288439,,
807,loss-abort,10000,-1,-0.9638205988970123,0.0,0.17038711671473986,0.0,-0.019684134640110595,-0.9441364642569017,-0.2516889040641512,-0.4220760207788911,1.0,0.7934334821822724,,5.487148262260633e-07,0.5220604434780105,,
808,loss-abort,10000,-1,-2.297243233097139,0.0,-0.3261320594323186,0.0,-1.1172613894982046,-1.1799818435989347,-5.760825012141429,5.43469295270912,0.5000068678109233,13.492761197947686,,3.7227228969370895e-06,6.614674796308054,,
809,loss-abort,10000,-1,-0.31751846188469834,0.0,-0.6839689348616674,0.0,0.2589220384669093,-0.5764405003516072,-7.042704164379287,6.35873522951761,0.5000007564823958,13.718957855781595,,3.7050381550452503e-08,6.935175729869217,,
810,loss-abort,10000,-1,0.5796360311626485,0.0,1.1959719177010812,0.0,6.558503435650163,5.978867404487511,0.28993751448970734,-0.9060344032113736,0.5000017949775901,13.733342757838756,,2.4899407839138844e-07,6.884901807698885,,
811,loss-abort,10000,-1,-0.3888927488826005,0.0,0.531292409834702,0.0,0.20177258179855798,-0.590665330681159,-0.18536233513579795,-0.7166547449704989,1.0,0.14239966095209988,,2.081254335025162e-07,0.12598941428933985,,
812,loss-abort,10000,-1,-0.9576491623861385,0.0,-0.3004799240836139,0.0,-0.12017208856151206,-0.8374770738246271,-6.393224192552762,6.092744268469139,0.5000018896562163,13.443617623408041,,2.708552463452873e-07,6.930221342293766,,
813,hit condition,10000000,-1,0.8862653657484922,0.0,-1.9692316579302647,0.0,16.213225434103943,15.326960068349681,-16.754817123248912,14.785585465317979,2.005507733361708e-14,0.00021708611326687333,NOT IMPORTANT,2.0114341404434776e-28,0.5413746030317022,1.0895125335252942e-07,3.4453413929452926e-08
814,loss-abort,10000,-1,-0.6469555637318654,0.0,-0.7174653821261389,0.0,0.07585948495188936,-0.7228150486837543,-6.950856263547075,6.233390881420952,0.500000939992138,13.831202708699891,,6.361915464346386e-08,6.956205930104707,,
815,loss-abort,10000,-1,-3.3637669162973376,0.0,1.2334564172185076,0.0,-1.602839569698534,-1.760927346598804,0.18901625546914408,-1.0444401617493615,1.0,2.130310499078832,,8.014300186327925e-05,0.7164871848494425,,
816,loss-abort,10000,-1,3.109539384056044,0.0,3.9196938012669866,0.0,7.734656304322475,4.6251169202664215,1.9556779964718347,-1.964015804795149,0.5000021438218616,16.27946702585588,,3.651753356819111e-07,6.589132725061571,,
817,loss-abort,10000,-1,1.7753418243366998,0.0,0.3318711739348101,0.0,8.129388639420787,6.354046815084098,-0.24456926624744108,-0.5764404401822508,0.5000002563857643,14.815306628439696,,4.266242704577019e-09,6.930487255266349,,
818,hit condition,10000000,-1,0.43548394275168445,0.0,-0.29371848852483806,0.0,15.987789534899282,15.552305592147606,-15.916892595934637,15.62317410740978,2.005935201794742e-14,2.8423702472579748e-05,NOT IMPORTANT,2.0122917112172978e-28,0.0708685152621733,1.4268314529886084e-08,4.512033218027102e-09
819,loss-abort,10000,-1,-1.3996235894286546,0.0,-2.415437768500689,0.0,-0.44826604889784905,-0.9513575405308047,-8.295038795864233,5.87960102736353,0.5000003491420408,15.574263412656418,,9.499288484325168e-09,6.830958567894335,,
820,loss-abort,10000,-1,0.9309907722969293,0.0,0.11363613044332864,0.0,7.340480221396985,6.409489449100069,-0.3061038260364723,-0.41973995647980095,0.5000005338681968,13.863605800940382,,1.6769570487083725e-08,6.82922940557987,,
821,loss-abort,10000,-1,-1.707832365587958,0.0,-1.9832041688875761,0.0,-0.6981609880156713,-1.009671377572289,-7.710915646832926,5.7277114779453475,0.500000728867188,15.146459490366233,,4.16860001469158e-08,6.7373828555176365,,
822,loss-abort,10000,-1,-0.04284261187057898,0.0,-1.1624535186367597,0.0,0.25743273408809186,-0.30027534595867084,-7.5811155659132865,6.418662047276519,0.5000004158568303,14.042620225060386,,9.820275933772815e-09,6.71893739323519,,
823,loss-abort,10000,-1,-1.1559075637170966,0.0,0.6665748916128168,0.0,-0.14265306986541368,-1.0132544938516828,-0.10371713993238083,-0.770292031545198,1.0,0.4893326721042792,,8.783362289014701e-07,0.24296246230648477,,
824,loss-abort,10000,-1,-0.1887588027855236,0.0,-2.337113541057692,0.0,0.23098103962529912,-0.41973984241082246,-8.731345986799775,6.394232445742118,0.5000001349008716,15.314337235327416,,1.080514479078919e-09,6.81397228815294,,
825,loss-abort,10000,-1,-1.321601900369565,0.0,-0.15681077677415672,0.0,-0.39084785080198686,-0.930754049567577,-6.074610199250019,5.91779942247586,0.5000030955133469,13.314011522095443,,7.445588453373489e-07,6.848553472043437,,
826,loss-abort,10000,-1,-0.77718431152439,0.0,-0.4005877392006582,0.0,0.010974196310170678,-0.7881585078345609,-6.576579175250705,6.17599143605004,0.500001447434626,13.529754922825136,,1.5546401891363407e-07,6.9641499438846015,,
827,loss-abort,10000,-1,-0.8362520670472722,0.0,-1.1859789162167107,0.0,-0.02178568362137012,-0.8144663834259015,-7.335119503724594,6.149140587507857,0.5000006963542879,14.320512158279723,,3.6348289015787885e-08,6.963606970933758,,
828,hit condition,10000000,-1,3.002298227304519,0.0,-1.9322710933100002,0.0,17.271453927375795,14.269155700071932,-16.736333136865984,14.804062043551063,2.005089912179141e-14,0.00021444703068240756,NOT IMPORTANT,2.0105960302465984e-28,0.5349063434791308,1.0760421531585962e-07,3.40274372056721e-08
829,hit condition,10000000,-1,0.3494811690028293,0.0,-0.26699704227180393,0.0,15.94477952637464,15.595298357371812,-15.903529193963152,15.636532151691338,2.005957869849907e-14,1.6538091962559065e-05,NOT IMPORTANT,2.0123371950046284e-28,0.041233794319525785,8.302096787815572e-09,2.6253593903545727e-09
830,loss-abort,10000,-1,-0.7547878975387036,0.0,0.4097801518601133,0.0,0.06444121829176168,-0.8192291158304655,-0.24752120974777464,-0.6573013616078883,1.0,0.34500774567859016,,3.452547295432236e-07,0.1619277542225772,,
831,loss-abort,10000,-1,1.0943710646873277,0.0,0.20684766905090968,0.0,7.4844328734969725,6.3900618088096515,-0.3001266717963387,-0.5069743408472478,0.5000004713608677,14.081342351357534,,1.3692540392575973e-08,6.897036149656899,,
832,loss-abort,10000,-1,-1.1961195064559829,0.0,-0.21078396112751546,0.0,-0.29008509861177445,-0.9060344078442087,-6.189582137624627,5.978798176497109,0.5000025960292427,13.36449982057772,,5.208298743339213e-07,6.884832584341318,,
833,loss-abort,10000,-1,-1.2476450197409432,0.0,-0.8577685421992832,0.0,-0.3286544219537794,-0.9189905977871639,-6.8115797665208495,5.953811224321567,0.5000014289964098,14.01303601058336,,1.5822699458740055e-07,6.87280182210873,,
834,loss-abort,10000,-1,-0.9424841591715125,0.0,0.13781647745319367,0.0,-0.03680822732278313,-0.9056759318487294,-0.28425954283575,-0.4220760202889437,1.0,0.8046676817183187,,5.100400026073774e-07,0.4835999115597857,,
835,loss-abort,10000,-1,-2.686506308991853,0.0,-2.7436729648513905,0.0,-1.3252546049356773,-1.3612517040561758,-7.984091625398436,5.240418660547036,0.5000009028968987,15.911016594937326,,6.44395618748338e-08,6.601670364603212,,
836,loss-abort,10000,-1,-1.9947752945237596,0.0,-1.1322034270977825,0.0,-0.9218615134962385,-1.0729137810275216,-6.717528463667514,5.585325036569742,0.5000022693872864,14.297628794761016,,4.055543174431682e-07,6.6582388175972635,,
837,loss-abort,10000,-1,-1.0381778205612575,0.0,-0.6460426443452686,0.0,-0.18044425660537966,-0.8577335639558763,-6.700692846259653,6.054650201914397,0.5000014434272626,13.793520868735305,,1.591642916616538e-07,6.912383765870273,,
838,loss-abort,10000,-1,-0.269902684819367,0.0,-1.2373970005019659,0.0,0.23707165199704267,-0.50697433681641,-7.610350379485989,6.372953378984022,0.5000004227643358,14.253206443289379,,1.11328302055979e-08,6.879927715800432,,
839,loss-abort,10000,-1,0.006475446193596158,0.0,0.8385074235105876,0.0,6.154591620770969,6.148116174577372,0.02404101374468426,-0.8144664097659025,0.5000022697179713,13.141215218858926,,3.8624161126450914e-07,6.9625825843432745,,
840,loss-abort,10000,-1,0.38493486221162243,0.0,1.2461234599272475,0.0,6.339488733644263,5.954553871432644,0.32713285504919287,-0.918990604878056,0.5000022894709675,13.540166065004156,,4.0614069559483745e-07,6.8735444763107,,
841,hit condition,10000000,-1,2.5886616370440034,0.0,-0.8902994136305061,0.0,17.0645941860253,14.475932548981433,-16.215242862407326,15.324943448778454,2.0053824552307085e-14,0.0003404238209530064,NOT IMPORTANT,2.0111829301617583e-28,0.8490108997970207,1.7084118830723583e-07,5.402471876643156e-08
842,hit condition,10000000,-1,2.266244578169548,0.0,-1.4987980332538866,0.0,16.903353348081733,14.637108769910162,-16.519553163422668,15.02075513016629,2.0053249131659594e-14,0.00015382440293620903,NOT IMPORTANT,2.0110673640935537e-28,0.38364636025612775,7.719426342589486e-08,2.4410958629740345e-08
843,loss-abort,10000,-1,-0.08798335206730401,0.0,1.4270207404974908,0.0,0.21229202836291902,-0.3002753804302224,0.3258924511028414,-1.1011282893946481,1.0,1.339037388430186,,1.5110949317245543e-06,0.8008529089644257,,
844,loss-abort,10000,-1,1.9310976756006457,0.0,0.9748765234853176,0.0,8.015712323995743,6.084614648395101,0.11714301228866726,-0.8577335111966492,0.500000376076163,15.07520349587616,,1.0770337697948511e-08,6.9423481595917504,,
845,loss-abort,10000,-1,1.0048360092829798,0.0,1.8758441147035139,0.0,6.649258915786275,5.644422906503323,0.8311928107123068,-1.0446513039912062,0.5000022902971183,14.16952593699311,,4.1255605910566856e-07,6.689074210494529,,
846,loss-abort,10000,-1,0.13628301143439409,0.0,0.9828400172123036,0.0,6.217161492061305,6.080878480626921,0.12510644649870056,-0.8577335707136026,0.5000022803373777,13.280879989900528,,3.961859439932072e-07,6.938612051340523,,
847,loss-abort,10000,-1,-0.977341442231156,0.0,-2.1931983362683316,0.0,-0.11960795216131495,-0.8577334900698402,-8.276638004304017,6.083439668035683,0.5000002900464214,15.337419114570856,,6.40692074543732e-09,6.941173158105523,,
848,loss-abort,10000,-1,-3.036041012440599,0.0,2.1464734985826004,0.0,-1.4124751866766843,-1.6235658257639143,0.8082657798684542,-1.3382077187141446,1.0,0.8895675138579999,,4.192788676544936e-05,0.2853581070497697,,
849,hit condition,10000000,-1,0.9342931863117847,0.0,-0.7518616973306922,0.0,16.237244158598568,15.302950972282408,-16.146010127285532,15.394148429954532,2.0057427840700115e-14,3.657364091047555e-05,NOT IMPORTANT,2.0119056368690712e-28,0.0911974576721235,1.835775442771137e-08,5.80523338190109e-09
850,loss-abort,10000,-1,-0.9167990244041486,0.0,-0.8224501550022604,0.0,-0.0793219612046622,-0.8374770631994863,-6.934322407295519,6.111872252293253,0.5000010791446298,13.96299368399292,,8.8125299907931e-08,6.949349315492739,,
851,loss-abort,10000,-1,-1.721834131235872,0.0,-1.2719588841249638,0.0,-0.706548960597015,-1.015285170638859,-6.992747623868843,5.720788739743861,0.5000015050513449,14.435370494848577,,1.778043819308437e-07,6.73607391038272,,
852,loss-abort,10000,-1,-0.6541562294677454,0.0,1.4498863220770999,0.0,0.11613580192295112,-0.7702920313906969,0.3229054669025617,-1.1269808551745377,1.0,0.7957300926093537,,1.6172044817769827e-06,0.3566888237838408,,
853,hit condition,10000000,-1,0.4192963287719666,0.0,-2.24103805897796,0.0,15.979694105135561,15.56039777636359,-16.890747562518953,14.649709503542645,2.0055470066195912e-14,0.00036518456244749586,NOT IMPORTANT,2.0115130578731842e-28,0.9106882728209449,1.8328251982779875e-07,5.795902197895234e-08
854,loss-abort,10000,-1,1.60234298170221,0.0,1.2011357591187435,0.0,7.5786988119723535,5.97635583027014,0.2951013824273672,-0.9060343766913767,0.5000006487607561,14.756190401361236,,3.253021759743555e-08,6.882390206961516,,
855,loss-abort,10000,-1,0.20452600533460272,0.0,0.05070593621036292,0.0,6.622340042851864,6.4178140375172585,-0.24956944019949107,-0.3002753764098538,0.5000010856830163,13.090860016579486,,6.696332391459503e-08,6.718089413927112,,
856,loss-abort,10000,-1,0.6654236750499762,0.0,0.19267974460420262,0.0,7.0589040995564245,6.393480424506449,-0.227060223815862,-0.419739968420064,0.5000007189085307,13.645064268667076,,3.0711791480742126e-08,6.813220392926513,,
857,loss-abort,10000,-1,-1.0791963392213602,0.0,2.6006780728062164,0.0,-0.09929525683260554,-0.9799010823887541,1.124455003186179,-1.4762230696200371,1.0,1.5214817335848567,,1.7160806438007466e-05,0.49632198723128307,,
858,loss-abort,10000,-1,1.2536243664038544,0.0,0.5432735535959408,0.0,7.530184493052922,6.276560126649028,-0.13862230666419773,-0.6818958602601389,0.5000005044022358,14.350018173297892,,1.7834261440973995e-08,6.958455986909167,,
859,loss-abort,10000,-1,-1.1621090191600776,0.0,-1.5734485785666787,0.0,-0.2704289742256384,-0.8916800449344392,-7.568671692106053,5.995223113539393,0.5000006430508803,14.726003824805524,,3.187455737128368e-08,6.8869031584738325,,
860,loss-abort,10000,-1,1.303657067239521,0.0,0.42841872602767117,0.0,7.624484765758456,6.320827698518937,-0.20532824264584856,-0.6337469686735189,0.5000004391346966,14.373731190305064,,1.3039229005158977e-08,6.954574667192456,,
861,hit condition,10000000,-1,0.7293260930216624,0.0,-1.4662454298887964,0.0,16.134740066130426,15.405413973109273,-16.503273599110067,15.037028169215956,2.0056403791509076e-14,0.00014772908632387782,NOT IMPORTANT,2.0117002132841873e-28,0.3683858038933163,7.41471293252971e-08,2.3447369266599464e-08
862,hit condition,10000000,-1,0.058464160691196566,0.0,-1.7223382070899242,0.0,15.799241847107563,15.740777686416365,-16.63134565439665,14.909007447305685,2.0057238102113977e-14,0.00033356817840690667,NOT IMPORTANT,2.011867734832744e-28,0.8317702391106803,1.6742917807732738e-07,5.294574528365792e-08
863,loss-abort,10000,-1,-0.6013442442134954,0.0,-0.07811187281123048,0.0,0.1214708164781366,-0.7228150606916316,-6.330814045879413,6.252702173068191,0.500001714029718,13.1848604631611,,2.103754875592432e-07,6.975517233759823,,
864,hit condition,10000000,-1,1.939459321556458,0.0,-1.0429996143209943,0.0,16.739927971373838,14.800468649813283,-16.291608268944074,15.248608654623297,2.0054822059750083e-14,0.00017969761974967469,NOT IMPORTANT,2.0113829076037887e-28,0.44814000481001415,9.018549285144672e-08,2.8519154885796234e-08
865,loss-abort,10000,-1,-1.5900156245135186,0.0,0.7840172334057276,0.0,-0.415578147132682,-1.1744374773808364,-0.0801621952243968,-0.864179428630123,1.0,0.8059983911077921,,2.1798272079396086e-06,0.3102580487507134,,
866,hit condition,10000000,-1,1.0372641084164413,0.0,-2.1260547847190785,0.0,16.28873994109137,15.251475832677533,-16.833244402665475,14.707189617947966,2.0054458611581537e-14,0.0002182468445344199,NOT IMPORTANT,2.0113100205910277e-28,0.5442862147295671,1.0953032258953499e-07,3.4636523382086e-08
867,loss-abort,10000,-1,0.8304344225047074,0.0,1.5633148519444,0.0,6.629569885962344,5.799135463457639,0.5791790563027912,-0.9841357956416088,0.5000020010219559,13.992020201364383,,3.1340033805445315e-07,6.783271259099248,,
868,loss-abort,10000,-1,-0.4616444992170587,0.0,0.2542444902659907,0.0,0.19565686311868216,-0.6573013623357415,-0.25981372275639053,-0.5140582130223827,1.0,0.20740000895106725,,1.5559474395721733e-07,0.1432431493133588,,
869,loss-abort,10000,-1,1.175086220528985,0.0,0.9700600910011201,0.0,7.261993632029965,6.086907411500974,0.13258303641766564,-0.8374770545834544,0.5000007972893109,14.318961134532058,,4.824889161602919e-08,6.924384466084428,,
870,loss-abort,10000,-1,-0.13889990024067622,0.0,-0.3944241887675495,0.0,0.280840073845576,-0.41973997408625235,-6.798962999874723,6.4045388111071615,0.5000009220660377,13.34240171122256,,5.017850834246076e-08,6.824278785193414,,
871,loss-abort,10000,-1,0.36257995902174567,0.0,0.7525480861879212,0.0,6.5496702387512675,6.187090279729528,-0.035610421886583324,-0.7881585080745045,0.5000014705005587,13.489308604668718,,1.601216724762292e-07,6.975248787804032,,
872,loss-abort,10000,-1,-0.3583331792876781,0.0,-1.0820148659386666,0.0,0.21810730771899536,-0.5764404870066728,-7.427396024112093,6.345381158173439,0.5000005218297964,14.13111036157321,,1.7759011423424323e-08,6.9218216451801124,,
873,loss-abort,10000,-1,0.830486012441786,0.0,1.0877486182786895,0.0,6.86145891131378,6.030972898871975,0.21206883163471868,-0.8756797866439703,0.5000012585138833,13.980180428464443,,1.2153572348616786e-07,6.906652685515946,,
874,hit condition,10000000,-1,1.3357206296180526,0.0,-0.5938693982536433,0.0,16.43799811672122,15.10227748710007,-16.066998140155306,15.473128741903059,2.0056938520008255e-14,0.00014872176292790584,NOT IMPORTANT,2.0118074947454603e-28,0.3708512548029894,7.464744022911418e-08,2.3605594395294976e-08
875,loss-abort,10000,-1,2.1619991724960608,0.0,3.2666246681063593,0.0,7.112740254889597,4.950741082393517,1.6248254889960365,-1.6417991791103215,0.5000028831459454,15.330106005389473,,6.580828270451524e-07,6.592540261503839,,
876,loss-abort,10000,-1,-1.0980086865142276,0.0,0.3880519480751094,0.0,-0.11810760394429597,-0.9799010825699309,-0.20261338259442896,-0.5906653306695379,1.0,0.709956738439118,,7.412862957086702e-07,0.38923575190039306,,
877,hit condition,10000000,-1,0.8006838742343368,0.0,-2.831928568738325,0.0,16.170426109709787,15.369742235473703,-17.186252027552968,14.354323458814111,2.0053515997620725e-14,0.00040714118359019835,NOT IMPORTANT,2.0111211102461852e-28,1.0154187766595921,2.0432007730164514e-07,6.461168325986591e-08
878,loss-abort,10000,-1,-0.5966902152238999,0.0,-1.75364123546169,0.0,0.12612478079582748,-0.7228149960197268,-8.00826831704982,6.254627081588118,0.5000003196489166,14.859585613861839,,7.311364187456425e-09,6.9774420776078445,,
879,loss-abort,10000,-1,-0.796957210203774,0.0,-1.9498361014523988,0.0,-0.008798767686337404,-0.7881584425174353,-8.11685748070856,6.16702137925615,0.5000003130114579,15.080836070168484,,7.281321108281056e-09,6.955179821773585,,
880,loss-abort,10000,-1,-0.8449936696913632,0.0,-0.3364766675085426,0.0,-0.030527264377146906,-0.8144664053142162,-6.481606475726512,6.145129808217957,0.5000016415273074,13.471729953635833,,2.0211911120959528e-07,6.959596213532174,,
881,loss-abort,10000,-1,-0.5988522063365223,0.0,1.4977280911609905,0.0,0.1714398243423501,-0.7702920306788726,0.37074723564221385,-1.126980855518775,1.0,0.8988758848244665,,1.772537399503164e-06,0.3566888248399024,,
882,loss-abort,10000,-1,-0.3216152826142462,0.0,0.8002268613789253,0.0,0.2690500471054941,-0.5906653297197413,-0.06395256744302039,-0.8641794288219458,1.0,0.4786115787646782,,3.79990715548777e-07,0.2735140991022045,,
883,hit condition,10000000,-1,0.5368081094382461,0.0,-0.25582651188028616,0.0,16.03846177564003,15.501653666202404,-15.897942808909782,15.642116297029489,2.0059224472979626e-14,5.633590316378445e-05,NOT IMPORTANT,2.0122661224747748e-28,0.1404626308270842,2.827970924101919e-08,8.942828044837424e-09
884,loss-abort,10000,-1,-0.3095948913291628,0.0,1.0849945977115065,0.0,0.28107043821188715,-0.5906653295410502,0.105093515266547,-0.9799010824449588,1.0,0.7753997063823427,,7.205464748664633e-07,0.38923575290390855,,
885,loss-abort,10000,-1,0.8886396008540451,0.0,1.588777171723462,0.0,6.675213171387322,5.786573570533263,0.6046413765259224,-0.9841357951975396,0.5000019359083261,14.050563913644048,,2.9343346224203767e-07,6.770709365730802,,
886,loss-abort,10000,-1,-1.1755253924195967,0.0,0.5185729893123789,0.0,-0.16227089838884468,-1.0132544940307515,-0.1980817554855889,-0.7166547447979669,1.0,0.6569524031072184,,8.918519259304751e-07,0.29659974923278465,,
887,loss-abort,10000,-1,-0.19440936506839906,0.0,0.11512872169453625,0.0,0.2276666560617601,-0.42207602113015963,-0.30694729824357164,-0.4220760199381079,1.0,0.07928064337386326,,5.641823642186211e-08,1.1920517350993975e-09,,
888,loss-abort,10000,-1,1.0302141149642496,0.0,2.238956498300415,0.0,6.493962734791967,5.463748619827736,1.0835846828547206,-1.155371815445694,0.5000032048074892,14.196667852920116,,8.103482259953914e-07,6.619120435273429,,
889,loss-abort,10000,-1,-2.0898342151292035,0.0,-1.1580925032105016,0.0,-0.9889463788561118,-1.100887836273091,-6.696121795611281,5.538029292400739,0.5000024307802331,14.323985303141221,,4.656798952662726e-07,6.63891712867383,,
890,loss-abort,10000,-1,1.375071444277034,0.0,0.5720536319869268,0.0,7.640011923505416,6.264940479228397,-0.10984222351956228,-0.6818958555064892,0.5000004572207216,14.47700603472074,,1.4713355171378009e-08,6.946836334734886,,
891,loss-abort,10000,-1,2.2750962808339716,0.0,1.2494740166321059,0.0,8.227990977630794,5.9528946967967995,0.3304834776853003,-0.918990538946806,0.5000003469681475,15.4303596910597,,9.327617327778634e-09,6.871885235743606,,
892,loss-abort,10000,-1,0.2740496810249162,0.0,0.7748071481031122,0.0,6.451114917324499,6.177065236299569,-0.01335136184071115,-0.7881585099438222,0.5000016391588662,13.40298730172718,,1.9933748603975443e-07,6.9652237462433915,,
893,hit condition,10000000,-1,2.953886990964115,0.0,-0.5580276728030992,0.0,17.24724345859881,14.293356467642162,-16.049073684484842,15.491046011683377,2.0053758900870068e-14,0.0004802300727533293,NOT IMPORTANT,2.011169933702502e-28,1.1976895440412143,2.4100203610544213e-07,7.621153112414541e-08
894,hit condition,10000000,-1,0.06789398353346074,0.0,-1.984440841375145,0.0,15.803957703914053,15.736063720380601,-16.762423239178446,14.777982397802992,2.005669238255716e-14,0.00038421268678412446,NOT IMPORTANT,2.011758301961337e-28,0.958081322577609,1.9284430230470662e-07,6.098272218755131e-08
895,loss-abort,10000,-1,-0.5263054133727249,0.0,0.320212361866449,0.0,0.19034933153039035,-0.7166547449031146,-0.27045296783254674,-0.5906653296989967,1.0,0.20609305150627433,,1.999679189812593e-07,0.125989415204118,,
896,loss-abort,10000,-1,-0.27738628556059836,0.0,0.3344440756469819,0.0,0.23667192779879176,-0.5140582133593908,-0.2562212542611114,-0.5906653299080942,1.0,0.057057790086383675,,1.17631456467697e-07,0.07660711654870334,,
897,loss-abort,10000,-1,-1.8708214657265805,0.0,-0.442946213606223,0.0,-0.8261701568724132,-1.0446513088541654,-6.089865207595147,5.646918993988916,0.5000039971402815,13.607605667310642,,1.2565706760252597e-06,6.691570302843082,,
898,loss-abort,10000,-1,-0.02727932796953752,0.0,-0.013658079983715656,0.0,0.27299605132609717,-0.30027537929563464,-6.434023552510421,6.420365472526705,0.50000130731361,12.881668353006663,,9.698855785018921e-08,6.72064085182234,,
899,hit condition,10000000,-1,2.0959551317074148,0.0,-2.455484656587959,0.0,16.818191559760237,14.722236428056021,-16.99799235076454,14.542507694177651,2.0051668739269414e-14,7.205712593361113e-05,NOT IMPORTANT,2.0107503333320626e-28,0.1797287338783704,3.6157933536173914e-08,1.1434144781845827e-08
900,loss-abort,10000,-1,1.349464066453368,0.0,0.9513960227456122,0.0,7.4451293671526395,6.095665300699275,0.11391897525342537,-0.8374770474921872,0.5000006580783443,14.492190690597527,,3.283613572956288e-08,6.933142348191462,,
901,loss-abort,10000,-1,-2.6520101904312994,0.0,-1.4335721851954115,0.0,-1.3069453330526362,-1.3450648573786628,-6.691225166861456,5.257652981666068,0.5000032332416116,14.600888338958823,,8.262802902924338e-07,6.602717839044731,,
902,loss-abort,10000,-1,0.68298040552326,0.0,2.328869321801116,0.0,6.101901474463479,5.418921068940219,1.1357829351852564,-1.1930863866158594,0.5000049606701078,13.849691865204814,,1.942572504703125e-06,6.612007455556078,,
903,loss-abort,10000,-1,-1.1479503952618622,0.0,-0.3527250365023781,0.0,-0.2562703210218107,-0.8916800742400511,-6.3547831329775555,6.0020580964751815,0.5000021501167606,13.5047916247146,,3.5619615935042305e-07,6.893738170715233,,
904,hit condition,10000000,-1,0.1527761530523721,0.0,-1.5900017656047485,0.0,15.8464072984646,15.693631145412242,-16.565164170506517,14.975162404902738,2.005731440879983e-14,0.0002881315324128053,NOT IMPORTANT,2.0118830018482292e-28,0.718468740509504,1.4462359665401436e-07,4.5733992758070945e-08
905,loss-abort,10000,-1,0.519128748370855,0.0,1.9906879684165295,0.0,6.106488886394245,5.587360138023412,0.9177741822047918,-1.0729137862117406,0.5000041724957291,13.684536992834188,,1.3709395028220078e-06,6.6602739242351525,,
906,loss-abort,10000,-1,-0.7002710023161707,0.0,-1.8336578182382117,0.0,0.05761398108231407,-0.7578849833984852,-8.043848106440787,6.210190288202553,0.500000322492623,14.954309396959513,,7.605454804653313e-09,6.968075271601038,,
907,hit condition,10000000,-1,0.38285997074700134,0.0,-0.016063209518528136,0.0,15.961472273439881,15.5786123026929,-15.77803712058669,15.761973911068155,2.0060016231739745e-14,7.354447793517238e-05,NOT IMPORTANT,2.0124249974591885e-28,0.1833616083752556,3.691961403262667e-08,1.1675009212942372e-08
908,loss-abort,10000,-1,-2.5840691881250835,0.0,1.4891104191422235,0.0,-1.107846118549166,-1.4762230695759189,0.36212956368424437,-1.1269808554579785,1.0,1.0949587689828617,,1.6675881969709104e-05,0.3492422141179403,,
909,loss-abort,10000,-1,1.36226138671815,0.0,0.27585300061168183,0.0,7.733550323149763,6.371288936431623,-0.2311213295821968,-0.5069743301938794,0.5000003743830221,14.380692260193069,,8.7393497435689e-09,6.878263266625503,,
910,loss-abort,10000,-1,0.23127247570490791,0.0,0.12431924559456158,0.0,6.638694377608132,6.407421901903227,-0.2954207317160358,-0.4197399773105973,0.5000010792292164,13.17043552510592,,6.862076496415164e-08,6.827161879213825,,
911,loss-abort,10000,-1,-0.097382087720475,0.0,0.40949616867573857,0.0,0.20289329284723714,-0.30027538056771186,-0.24780519292805928,-0.6573013616037983,1.0,0.3121140809552643,,1.2832484774143116e-07,0.3570259810360864,,
912,loss-abort,10000,-1,-1.5824445794923068,0.0,-0.23794472241888565,0.0,-0.5983087777465809,-0.9841358017457261,-6.02764608879694,5.789701366378052,0.5000036877478105,13.3997920346673,,1.0647125407260427e-06,6.773837168123778,,
913,loss-abort,10000,-1,-0.3780482162057306,0.0,1.0349754307520613,0.0,0.21261711432479555,-0.5906653305305256,0.09083896576542996,-0.9441364649866308,1.0,0.6569272145463307,,6.393295634176442e-07,0.35347113445610523,,
914,hit condition,10000000,-1,0.45807431323680214,0.0,-0.13585310202295822,0.0,15.999086984763194,15.54101267152644,-15.837944076357221,15.702090974334245,2.0059624067248736e-14,6.460559816723332e-05,NOT IMPORTANT,2.0123463044226695e-28,0.16107830280780533,3.2431625385243024e-08,1.0255781256202207e-08
915,loss-abort,10000,-1,-0.1344156376492323,0.0,2.221745906571087,0.0,0.2876603825876278,-0.42207602023686014,0.8547669882339716,-1.3669789183371135,1.0,2.0873302689218525,,7.9360715350984e-06,0.9449028981002534,,
916,hit condition,10000000,-1,0.583460252932927,0.0,-0.0045006227955427976,0.0,16.06179252403744,15.47833227110258,-15.772254668002564,15.76775404520702,2.0059636112623088e-14,0.00011608193043599613,NOT IMPORTANT,2.0123487354491384e-28,0.28942177410444003,5.827245885825505e-08,1.8427369087844416e-08
917,loss-abort,10000,-1,-3.337123382795396,0.0,0.6960682444904055,0.0,-1.5894148390944327,-1.7477085437009623,-0.12316087062511584,-0.8192291151155214,1.0,2.6410551383049894,,7.594546463910426e-05,0.9284794285854409,,
918,loss-abort,10000,-1,-1.6638570310837286,0.0,0.683713637645267,0.0,-0.467567221751582,-1.1962898093321477,-0.13551547731440924,-0.8192291149596768,1.0,0.9801433934384621,,2.5246780064354162e-06,0.3770606943724709,,
919,hit condition,10000000,-1,1.1259876986816095,0.0,-3.8794617309799575,0.0,16.333110629392756,15.207122930712897,-17.710123558737433,13.830661827752996,2.005075802310721e-14,0.0005518263847736904,NOT IMPORTANT,2.0105681202183677e-28,1.376461102959901,2.768910221107035e-07,8.75606261996871e-08
920,loss-abort,10000,-1,0.7694858011728635,0.0,2.7850797396637526,0.0,5.960693895541614,5.191208094368746,1.3771157901305033,-1.4079639495332483,0.5000071739857121,13.936981729574113,,4.069421774308976e-06,6.599172043901994,,
921,loss-abort,10000,-1,-0.27365697201501993,0.0,2.3723398576330452,0.0,0.24040124129058707,-0.5140582133056076,0.9657118828633501,-1.4066279747696921,1.0,2.0986828856180217,,1.0781463262737412e-05,0.8925697614640845,,
922,loss-abort,10000,-1,-1.8424369636768898,0.0,-1.3675453878456492,0.0,-0.8068873886418413,-1.035549575035047,-7.02854820968335,5.661002821837699,0.5000015415869085,14.531987995197937,,1.8682811240961713e-07,6.696552396872746,,
923,hit condition,10000000,-1,0.71818447839725,0.0,-1.1736476288268476,0.0,16.12916814196486,15.410983663563826,-16.35694537157596,15.183297742748199,2.005701436126871e-14,9.130879547214477e-05,NOT IMPORTANT,2.0118226899886884e-28,0.22768592081562744,4.583056956164455e-08,1.4492906498687818e-08
924,loss-abort,10000,-1,2.226814356182,0.0,1.6816411243596678,0.0,7.967481708838315,5.740667352656311,0.6778553859984828,-1.0037857383611835,0.5000005566683245,15.389790185854292,,2.430421005131632e-08,6.744453091017494,,
925,loss-abort,10000,-1,-0.9970925257879859,0.0,0.5949363833595791,0.0,-0.05295606118339537,-0.9441364646045903,-0.17535564726738403,-0.770292030626963,1.0,0.4021561424284067,,6.247570321381149e-07,0.17384443397762728,,
926,loss-abort,10000,-1,1.6405650921657209,0.0,1.1483520446440558,0.0,7.642414221208704,6.001849129042992,0.2566720032321665,-0.8916800414118896,0.5000005933920475,14.792615394895753,,2.7128619041467456e-08,6.893529170454882,,
927,hit condition,10000000,-1,1.4589524524299196,0.0,-0.1940921912112389,0.0,16.49962637942258,15.040673926993218,-15.86706945959412,15.672977268382873,2.005749472701169e-14,0.0002535784388051354,NOT IMPORTANT,2.0119191516378889e-28,0.6323033413896546,1.272813126007577e-07,4.02498847819791e-08
928,loss-abort,10000,-1,-0.7843875767948217,0.0,1.025154121593506,0.0,0.07979185183971987,-0.8641794286345413,0.08101765670453487,-0.9441364648889714,1.0,0.24076654479868487,,7.14247179357205e-07,0.07995703625443007,,
929,loss-abort,10000,-1,-1.9402499717605863,0.0,0.22098457832968907,0.0,-0.6667071130006513,-1.2735428587599344,-0.29307363419447086,-0.5140582125241603,1.0,1.7192653934308963,,4.446625220036188e-06,0.7594846462357742,,
930,hit condition,10000000,-1,0.9244911367167101,0.0,-1.1393107241808145,0.0,16.232342151262788,15.307851014548046,-16.33977347755754,15.200462753379275,2.0056668596209087e-14,4.3065125980845664e-05,NOT IMPORTANT,2.0117533097822006e-28,0.10738826116877043,2.1615260692442462e-08,6.835346787627869e-09
931,loss-abort,10000,-1,-0.7104411265722044,0.0,2.028506777339231,0.0,0.10878798872221375,-0.8192291152944184,0.7213125495520136,-1.3071942277872166,1.0,1.3180656507670254,,5.348000557611037e-06,0.48796511249279817,,
932,loss-abort,10000,-1,-1.0656048343445756,0.0,0.0878853229778351,0.0,-0.08570375208885399,-0.9799010822557208,-0.21239005745094697,-0.3002753804287817,1.0,0.9777195113667401,,6.879277342511548e-07,0.6796257018269392,,
933,loss-abort,10000,-1,0.0507976325951833,0.0,0.6120248124274009,0.0,6.298999308645617,6.248201676050431,-0.110790248816408,-0.7228150612438085,0.5000017774191434,13.15922579712345,,2.2652101031329454e-07,6.971016737294239,,
934,loss-abort,10000,-1,-0.9502488918466362,0.0,0.6225717081110929,0.0,-0.044572959916437914,-0.9056759319301979,-0.14772032287790288,-0.770292030988996,1.0,0.3276771837355428,,5.663572746890841e-07,0.1353839009412019,,
935,loss-abort,10000,-1,-1.7962532594243403,0.0,-2.3189810301683194,0.0,-0.7704436969183432,-1.0258095625059964,-8.002879564296743,5.6838985341284225,0.5000005686928933,15.483031357849505,,2.54085622172967e-08,6.709708096634419,,
936,loss-abort,10000,-1,3.2995808702620644,0.0,2.615079436874952,0.0,8.575649989941358,5.276069119679297,1.2868428127013227,-1.32823662417363,0.5000004822195686,16.466798546495607,,1.837613477578876e-08,6.604305743852928,,
937,loss-abort,10000,-1,-2.1370991335310987,0.0,-0.24293640729621835,0.0,-1.0233073686272207,-1.1137917649038775,-5.757435455201493,5.514499047905285,0.5000063625476707,13.409033636637876,,3.1916293053886547e-06,6.628290812809162,,
938,loss-abort,10000,-1,-1.101279387132571,0.0,-0.041790782014987815,0.0,-0.2255995887245805,-0.8756797984079906,-6.0662930032097835,6.0245022211947985,0.5000028054617803,13.192074611537153,,6.042852965090699e-07,6.900182019602789,,
939,hit condition,10000000,-1,0.24114386257596068,0.0,-0.5948139565710647,0.0,15.890600012301881,15.649456149725946,-16.06747051400265,15.47265655743065,2.0059137363821907e-14,7.090940547271884e-05,NOT IMPORTANT,2.012248646630943e-28,0.1767995922952963,3.5595208558447666e-08,1.1256194951198616e-08
940,hit condition,10000000,-1,2.048151090071141,0.0,-1.4073689468215709,0.0,16.794284748283268,14.746133658219874,-16.473829456535125,15.066460509716576,2.0053871163363376e-14,0.0001284402514425409,NOT IMPORTANT,2.0111921303241507e-28,0.32032685149670215,6.445775113661512e-08,2.0383332312892943e-08
941,loss-abort,10000,-1,-1.9145870153340665,0.0,0.25419546467127857,0.0,-0.6410441566994877,-1.2735428586345783,-0.25986274835038053,-0.5140582130216597,1.0,1.6603915506627867,,4.224265124875837e-06,0.7594846456129186,,
942,hit condition,10000000,-1,1.7990866038469364,0.0,-3.9881120124687173,0.0,16.6697275445582,14.870640940713363,-17.764459583558683,13.776347571092446,2.0049186893762595e-14,0.0004386693795641605,NOT IMPORTANT,2.010252845338781e-28,1.0942933696209174,2.2009468914063746e-07,6.960004687791659e-08
943,loss-abort,10000,-1,0.8971280585583867,0.0,0.08708723327295514,0.0,7.310770477604927,6.41364241904653,-0.21318812577632743,-0.3002753590492822,0.500000547687988,13.811500129924413,,1.7071457047588314e-08,6.713917778095812,,
944,loss-abort,10000,-1,1.1227213862936776,0.0,1.53007545625611,0.0,6.9382384811371125,5.815517094843434,0.553305050969403,-0.976770405286707,0.500001445720483,14.283831032236657,,1.6346399175653757e-07,6.792287500130142,,
945,loss-abort,10000,-1,-0.7299373281356543,0.0,1.2931460719504262,0.0,0.0892917873973575,-0.8192291155330121,0.2194765450744371,-1.0736695268759882,1.0,0.5632087438147706,,1.1821992358272672e-06,0.254440411342976,,
946,hit condition,10000000,-1,0.20354867350582018,0.0,-0.09771073905583648,0.0,15.871798648777151,15.668249975271348,-15.818869070946096,15.721158331890255,2.006021261688147e-14,2.122121214753747e-05,NOT IMPORTANT,2.0124643969162965e-28,0.05290835661890725,1.0653312898512013e-08,3.368875153273833e-09
947,loss-abort,10000,-1,-0.8232774670200662,0.0,-1.2898810853823972,0.0,-0.008811088304736316,-0.8144663787153292,-7.4449798995965955,6.1550988142142,0.5000006201987198,14.423356180830861,,2.8805537450739187e-08,6.9695651929295295,,
948,hit condition,10000000,-1,2.1328019825335973,0.0,-1.0666241067083313,0.0,16.83661867772966,14.703816695200953,-16.30342288314266,15.236798776433922,2.0054386028466244e-14,0.00021371335403230773,NOT IMPORTANT,2.0112954571307283e-28,0.5329820812329693,1.0725475263484441e-07,3.39169260246e-08
949,loss-abort,10000,-1,-0.2614335742311865,0.0,0.8113823167051551,0.0,0.25262463889672404,-0.5140582131279114,-0.05279711224700725,-0.8641794289521616,1.0,0.549948742473967,,3.8279794139373105e-07,0.35012121582425015,,
950,loss-abort,10000,-1,-1.9694485714929255,0.0,-0.7553926219977076,0.0,-0.9041495688618947,-1.065299002631031,-6.35331198724318,5.597919365245475,0.5000032256420797,13.92067992398158,,8.191324809669001e-07,6.663218367876506,,
951,loss-abort,10000,-1,-1.1338588235694718,0.0,0.26362375451229786,0.0,-0.12060432992328513,-1.0132544936461845,-0.2504344586476118,-0.5140582131599114,1.0,0.8702350690571699,,8.07481125511059e-07,0.49919628048627307,,
952,loss-abort,10000,-1,-0.7024396236653819,0.0,-0.7078662511123398,0.0,0.05544541380224066,-0.757885037467622,-6.917130703864509,6.20926445275215,0.5000009959763375,13.82883478028204,,7.256465110716984e-08,6.9671494902197715,,
953,loss-abort,10000,-1,-1.7160003730945417,0.0,-0.4139329996183871,0.0,-0.706328966715107,-1.0096714063794368,-6.137614973290117,5.72368197367173,0.5000035291831095,13.577297320056392,,9.774641480862126e-07,6.733353380051167,,
954,loss-abort,10000,-1,-0.05742823693855025,0.0,0.28607412129182863,0.0,0.24284714303566204,-0.3002753799742118,-0.22798409219208032,-0.5140582134839088,1.0,0.2286458843532787,,7.283720889903516e-08,0.213782833509697,,
955,loss-abort,10000,-1,-1.1929237283590957,0.0,-0.5847793016063677,0.0,-0.28688932527121097,-0.9060344030878855,-6.565121537527428,5.980342235921073,0.5000017805095796,13.738387501807598,,2.4497329874692197e-07,6.886376639008959,,
956,loss-abort,10000,-1,0.5197739578925841,0.0,0.056279899629490426,0.0,6.936962268240506,6.417188310347918,-0.24399546998619304,-0.30027536961568296,0.5000007931148792,13.410430478217915,,3.574476778056261e-08,6.717463679963601,,
957,loss-abort,10000,-1,-2.236200670327613,0.0,-1.1830607950785632,0.0,-1.0836528627159372,-1.1525478076116753,-6.648182312777979,5.465121517699434,0.5000027430201199,14.349504500805025,,5.93623824274468e-07,6.61766932531111,,
958,loss-abort,10000,-1,0.17929722808222173,0.0,0.1118338779765719,0.0,6.589147498798902,6.409850270716684,-0.30790610011347025,-0.41973997809004227,0.5000011312979568,13.110831647492159,,7.528998368231854e-08,6.829590248806727,,
959,loss-abort,10000,-1,2.097288971171551,0.0,0.019217621894980857,0.0,8.518440099435493,6.421151128263933,-0.2810576450159375,-0.3002752669109183,0.5000001624755337,14.958808849594405,,1.4971361414222145e-09,6.721426395174851,,
960,loss-abort,10000,-1,-1.6114610122203723,0.0,-1.1025024799336487,0.0,-0.6204012112230705,-0.9910598009973016,-6.8778748429136645,5.7753723629799785,0.5000015985806975,14.264708218114016,,2.001920595266908e-07,6.76643216397728,,
961,hit condition,10000000,-1,0.149588886620489,0.0,-1.127027088624678,0.0,15.844813345714876,15.695224459094367,-16.333630428545888,15.206603339923099,2.0058251456803158e-14,0.00019596365974194896,NOT IMPORTANT,2.0120709421363877e-28,0.4886211191712686,9.836591985390442e-08,3.110603507854316e-08
962,loss-abort,10000,-1,-0.37573072667144203,0.0,-0.8692339842957938,0.0,0.20070976946946986,-0.5764404961409112,-7.208831293816995,6.339597309521203,0.5000006530737434,13.924159330009639,,2.7902509894530125e-08,6.916037805662114,,
963,loss-abort,10000,-1,0.05465737667093283,0.0,0.4390984131020199,0.0,6.371568578298504,6.316911201627574,-0.19464859496002065,-0.6337470080620408,0.5000015432392207,13.1275781930281,,1.6133615334100616e-07,6.950658209689615,,
964,loss-abort,10000,-1,-0.04279107484521963,0.0,1.7681206316416656,0.0,0.25748430490555907,-0.30027537975077867,0.5510845169144416,-1.2170361147272233,1.0,1.7253295567964453,,3.1090581648913835e-06,0.9167607349764446,,
965,loss-abort,10000,-1,-2.602767880351817,0.0,0.22795028269028927,0.0,-1.1265448107262812,-1.4762230696255365,-0.2861079299395906,-0.5140582126298806,1.0,2.3748175976615276,,1.7218181943521186e-05,0.9621648569956559,,
966,loss-abort,10000,-1,0.03227982389876744,0.0,0.03460991860838313,0.0,6.451858106022236,6.419578282123469,-0.2656654605074774,-0.3002753791158605,0.5000012852162463,12.906046306754087,,9.376875452494292e-08,6.71985366123933,,
967,loss-abort,10000,-1,-1.4768564684335683,0.0,-0.9964103313422886,0.0,-0.5079540962407842,-0.968902372192784,-6.8381233713424665,5.841713040000186,0.5000015566358186,14.15669287977622,,1.8928499594124906e-07,6.81061541219297,,
968,loss-abort,10000,-1,2.204612792847697,0.0,1.0937469812003036,0.0,8.232685730054158,6.028072937206464,0.21806725699392415,-0.8756797242063789,0.5000003203326506,15.354505648460924,,7.874878995078005e-09,6.9037526614128435,,
969,loss-abort,10000,-1,0.6783807341919241,0.0,1.3013660622883263,0.0,6.60604794740311,5.927667213211191,0.3706120189788319,-0.9307540433094934,0.5000018015514617,13.835081222902627,,2.520663082904072e-07,6.858421256520685,,
970,loss-abort,10000,-1,-1.9294846788999294,0.0,1.5777903348312492,0.0,-0.6559418201921877,-1.273542858707741,0.42641671424519545,-1.1513736205860554,1.0,0.3516943440686777,,4.824121706685339e-06,0.12216923812168567,,
971,loss-abort,10000,-1,-1.936888559518809,0.0,-1.6309929536296102,0.0,-0.8795401107817187,-1.0573484487370866,-7.245089776334963,5.61409682270533,0.5000013010566973,14.796075158559097,,1.3321769548547357e-07,6.671445271442416,,
972,loss-abort,10000,-1,-0.4828302064560005,0.0,1.2920521555981759,0.0,0.17447115616636633,-0.6573013626223667,0.21838262873133388,-1.0736695268668413,1.0,0.8092219491421747,,1.1489723746746936e-06,0.41636816424447454,,
973,loss-abort,10000,-1,-1.4925387265719845,0.0,1.1765266080298387,0.0,-0.3655578710897558,-1.1269808554822276,0.16327211399004077,-1.0132544940397974,1.0,0.31601211854214517,,1.9486582260735224e-06,0.1137263614424302,,
974,loss-abort,10000,-1,2.3157860313357252,0.0,1.5354990709538965,0.0,8.128610781293354,5.81282474995761,0.5587287078421921,-0.9767703631117044,0.500000440840497,15.47693460220486,,1.5199006686296572e-08,6.789595113069314,,
975,hit condition,10000000,-1,0.4631165523637684,0.0,-1.7323702394052847,0.0,16.001608609798147,15.538492057434368,-16.636362675980134,14.90399243657323,2.0056404177689908e-14,0.0002544453208486175,NOT IMPORTANT,2.011700355533242e-28,0.6344996208611384,1.2770948565332674e-07,4.038528223100709e-08
976,loss-abort,10000,-1,-0.8207602660891938,0.0,-1.3773309109376008,0.0,-0.03260178612015089,-0.7881584799690418,-7.533575723768125,6.156244812830515,0.5000005669653098,14.510580802687834,,2.393704252694905e-08,6.9444032927995565,,
977,loss-abort,10000,-1,-0.38934437489458784,0.0,-0.3135179227259522,0.0,0.1870961365660832,-0.5764405114606705,-6.648553092720803,6.335035169994847,0.5000011488657079,13.372932637610237,,8.656145820387314e-08,6.911475681455517,,
978,loss-abort,10000,-1,-0.877725552686646,0.0,2.2408298917593186,0.0,0.027950378457410982,-0.9056759311440569,0.8738509733513583,-1.3669789184079604,1.0,1.363104339072673,,8.25683368701344e-06,0.4613029872639035,,
979,loss-abort,10000,-1,2.211683914201024,0.0,0.41091425475451165,0.0,8.538880088848499,6.327196174647472,-0.2228326301542671,-0.6337468849087783,0.5000001748699217,15.276990518250482,,2.061268164099097e-09,6.960943059556251,,
980,loss-abort,10000,-1,0.057983686047994094,0.0,1.0100448581653296,0.0,6.1259843318677145,6.06800064581971,0.15231128627548712,-0.8577335718898413,0.5000025304025474,13.204029835852754,,4.884972537156093e-07,6.925734217709552,,
981,hit condition,10000000,-1,0.15628225442657084,0.0,-3.3513204086696455,0.0,15.848160700648613,15.691878446222061,-17.445999987165298,14.094679578491903,2.005376847413717e-14,0.0006404187865243216,NOT IMPORTANT,2.0111721249302956e-28,1.5971988677301585,3.213924060219142e-07,1.0163320145411538e-07
982,loss-abort,10000,-1,-0.40713664857018345,0.0,0.06861493768264007,0.0,0.2501647129995856,-0.6573013615697697,-0.2316604424601438,-0.30027538014278365,1.0,0.33852171088754424,,1.2757392448294538e-07,0.35702598142698605,,
983,loss-abort,10000,-1,1.200590743201689,0.0,1.2018722214402469,0.0,7.176596618037978,5.9760058748362965,0.29583783098685146,-0.9060343904533968,0.5000009702135128,14.354474714314524,,7.275678622792314e-08,6.882040265289693,,
984,loss-abort,10000,-1,-1.9652901487615464,0.0,-1.8549657128363446,0.0,-0.8999911622918826,-1.0652989864696618,-7.454944333951697,5.599978621115315,0.5000010697665235,15.020213103828556,,9.008977293650262e-08,6.665277607584977,,
985,loss-abort,10000,-1,-1.265252499593691,0.0,0.007816962638570542,0.0,-0.22081233757176494,-1.0444401620219228,-0.2924584165649036,-0.3002753792034743,1.0,1.2574355369551171,,1.0647406920260282e-06,0.7441647828184486,,
986,loss-abort,10000,-1,-3.4859493171939726,0.0,0.9879313913298023,0.0,-1.6744265904388151,-1.8115227267551575,0.04379492681979357,-0.9441364645100093,1.0,2.4980179258641697,,0.0001024770039705426,0.8673862622451481,,
987,loss-abort,10000,-1,-1.041154285181585,0.0,-1.8825630092213645,0.0,-0.16547454119013352,-0.8756797439914512,-7.935773809263809,6.053210800042442,0.5000004203694834,15.030138894487838,,1.35322687511968e-08,6.9288905440338935,,
988,loss-abort,10000,-1,-1.2346348215919043,0.0,1.3334555928882224,0.0,-0.1901946598322838,-1.0444401617596188,0.2597860656820586,-1.0736695272061625,1.0,0.09882077129631828,,1.5922371483863682e-06,0.029229365446543643,,
989,loss-abort,10000,-1,-1.2223256450929507,0.0,-1.0724981991995621,0.0,-0.3162912508059668,-0.9060343942869838,-7.038601316979052,5.966103117779494,0.500001124860404,14.227030079851495,,9.786024169203475e-08,6.872137512066478,,
990,loss-abort,10000,-1,-1.3558969518891655,0.0,0.15954201487141015,0.0,-0.2822274245048703,-1.0736695273842949,-0.2625340057461115,-0.4220760206175217,1.0,1.1963549370177553,,1.2953697626343008e-06,0.6515935067667732,,
991,hit condition,10000000,-1,0.44330829710916725,0.0,-0.63761227120662,0.0,15.99170249644844,15.54839419933929,-16.088873961593226,15.451261690384317,2.0058644765781388e-14,3.89561898117563e-05,NOT IMPORTANT,2.0121498018848873e-28,0.09713250895497261,1.9554761365725426e-08,6.183754048255383e-09
992,loss-abort,10000,-1,1.0699306049434891,0.0,1.5508299521214386,0.0,6.875220869605753,5.80529026466227,0.5740595455227445,-0.9767704065986943,0.500001555585875,14.231341086389463,,1.8930849113783537e-07,6.782060671260965,,
993,loss-abort,10000,-1,0.9728065612791363,0.0,0.5634046818170545,0.0,7.241258472682055,6.268451911402926,-0.11849119116652498,-0.6818958729835798,0.5000006788554867,14.073115065902035,,3.239701462934812e-08,6.950347784386506,,
994,loss-abort,10000,-1,-0.3358972838675899,0.0,-0.6920162506558061,0.0,0.24054321680347346,-0.5764405006710627,-7.044782626285978,6.352766375630178,0.5000007594311411,13.733446285783746,,3.74632527280646e-08,6.929206876301241,,
995,hit condition,10000000,-1,2.0235972967943368,0.0,-0.45817632250355256,0.0,16.7820053909859,14.758408094192296,-15.999137999623782,15.540961677120242,2.0055828830853964e-14,0.00031380843417494475,NOT IMPORTANT,2.0115849794738873e-28,0.782553582927946,1.575001515874419e-07,4.980592114373726e-08
996,loss-abort,10000,-1,-0.12398312797936123,0.0,3.0161245091007096,0.0,0.298092892096616,-0.4220760200759774,1.4006775232520277,-1.615446985848682,1.0,2.8921413811213483,,3.974078948422058e-05,1.1933709657727045,,
997,loss-abort,10000,-1,-0.2515654049054471,0.0,0.349920935158336,0.0,0.26249280807741354,-0.5140582129828617,-0.24074439497379738,-0.590665330132134,1.0,0.09835553025288846,,1.180724985920286e-07,0.07660711714927226,,
998,loss-abort,10000,-1,-0.25841836487918146,0.0,1.555144303856421,0.0,0.25563984820456087,-0.5140582130837429,0.40377068342081374,-1.151373620435608,1.0,1.2967259389772396,,1.9913814963059452e-06,0.6373154073518651,,
999,loss-abort,10000,-1,-1.034926274742778,0.0,-0.01872413847429581,0.0,-0.17719270219619102,-0.8577335725465867,-6.074922479420771,6.056198340946475,0.5000026945805631,13.166047095110024,,5.545994079005666e-07,6.9139319134930615,,
